,Tweet,anger,disgust,fear,happiness,like,sadness,surprise
310,"Happy new years! tdak minta banyak, tapi kasi banyak laba yang ni na  hahahahahahaha",0,0,0,1,0,0,0
2773,"Awal 2020 yang baik, pagi pagi udah dikasih banjir aja ",0,0,0,0,0,1,0
3654,Urwell minju. Semoga ditahun menjadi tahun yang lebih baik ya,0,0,0,1,0,0,0
1988,"Mau album ikon yang return, wishnya semoga hanbin cepet comeback, amiin yaallah amiin",0,0,0,1,0,0,0
3440,semoga pagi ini diberikan kelancaran dan rezeki yang melimpah aamiin ^^,0,0,0,1,0,0,0
2127,Percuma kamu inget-inget dia yang udah ngelupain kamu. Toh dia juga enggak bakal balik lagi ke kamu.,0,0,0,0,0,1,0
3613,[17's] carat carat~ ada yang punya foto tiket carat land nggak? boleh drop fotonya? makasihhh~,0,0,0,0,1,0,0
1216,segerr kan ya yg ijo tp yang pink enak juga lebih awet gitu baunyaa!!!,0,0,0,0,0,0,1
3453,"Setelah dipikir, siapa yg bakal mikir apa yang kamu rasain. Selamat datang 2020 ditunggu kejutannya",0,0,0,1,0,0,0
4204,Banyak kok tam. Masih banyak yang mensyaratkan 2.75 juga tam. Mangat pak bos!,0,0,0,1,0,0,0
1393,"Cuma tiga cinta yang tdk akan pernah berakhir: cinta ibu pd anaknya,cinta fitri dan cintaku padamu.",0,0,0,0,1,0,0
1611,selamat ulang tahun bagi yang lahir 29 februari 2020 ini semoga bahagia ,0,0,0,1,0,0,0
4143,Selamat yang merayakan tahun baru diluar rumah dan pulang2 mesti beberes banjir,0,0,0,1,0,0,0
1269,Banjir kiriman banjir kiriman puguh mah namanya air ya ngalir tolol lu yang nyumbat bikin banjir.,0,0,0,0,0,1,0
278,"“Biarkan saja dia yang telah lepas pergi Terhempas, jangan lagi kau kejar sebab dia bukan layang-layang”",1,0,0,0,0,0,0
2253,Indonesia emang lagi demam bola tapi cuma bola mata kamu yang bikin aku demam.,0,0,0,0,1,0,0
1025,Semoga kekecewaan kamu terbalas sama sesuatu yang lebih baik lagi ya ,0,0,0,1,0,0,0
1357,Hindari mengaplikasikan trend yg berlebihan ke diri kalian. Karena kalian terkesan tidak memiliki penampilan yang unik & khas.,0,0,1,0,0,0,0
2985,"Satu paket skincare yang dia pakek,oh iya make over se paket juga gpp :) makasih lo",0,0,0,1,0,0,0
3060,Itu mungkin anggota master chef yang sangat mencintai anda huahaha,0,0,0,1,0,0,0
2207,Bismillah. semoga yang baik baik saja untuk tahun 2020,0,0,0,1,0,0,0
322,Uwuuu semangat kak bel happy new year semoga tahun ini tahun yang baik buat kita semua. Ilysm,0,0,0,1,0,0,0
2112,semoga taun ini bahagia dan dijauhkan dari segala duka lara yang membuat hati terluka.,0,0,0,1,0,0,0
898,Awas aja ada yang bilang jakarta banjir karna azab ngerayain tahun baru ya. Kampung.,0,0,1,0,0,0,0
2648,1. Sahabat sejati adalah mereka yang selalu menyayangi & melindungimu dengan tidak mempedulikan 'latar belakangmu',0,0,0,0,1,0,0
3527,Terharu masih ada yang ngetag tag kamu balik! Thank you ya udah mau kenal sama baikjoohyun yang absurd ini,0,0,0,1,0,0,0
3549,#2020NewYear Semoga ditahun inipun aku tetap menjadi seseorang yang tidak mencolok. Yang tidak dikenal banyak orang.,0,0,0,1,0,0,0
3117,Semoga bisa menjadi pribadi yang lebih baik lagi #MingguTerakhir2019,0,0,0,1,0,0,0
4080,"Masih saya pantau siapa yang vc duluan taun ini mungkin adalah jodoh saya :"")",0,0,0,0,0,1,0
3819,"Yang menyusahkan rakyat,  semoga cepat mati.  Rugi negara ini kalau orang2 yang tidak punya perikemanusiaan masih berkuasa.",1,0,0,0,0,0,0
764,alhamdulillah awal tahun disambut oleh hujan. semoga Tuhan memberi rezeki yang melimpah untuk teman teman semua :),0,0,0,1,1,0,0
2259,pagi2 tahun baru udah dibikin emosi sama anak kosan yang mentalnya suka menyalahkan orang lain,1,0,0,0,0,0,0
1917,"Semangat kakakkk!!!! Ayo makannya yang sehat-sehat aja yaaa, semangat terus pokoknyaa ",0,0,0,1,0,0,0
3710,gue on ada yang kangen gue ga sih :(,0,0,0,0,0,1,0
2164,Semoga nanti berhenti hujannya dan dipenuhi oleh lagit yang cerah... aaammminnn Ya Allah ,0,0,0,1,0,0,0
1693,Horeeee Hadiah Tahun Baru Kolam Renang Gratis yang luaaasss... ,0,0,0,1,0,0,0
2607,Lagi mempersiapkan diri jadi ibu yang baik :). Skripsi kapan kelar? Wkwk,0,0,0,1,0,0,0
1687,Bumi terlalu sempurna untuk ku miliki seperti hati mu yang terlalu sempurna untuk ku miliki.,0,0,0,0,1,0,0
1422,Kadang ga ngerti sama orang yang bilang mencintai kita tapi justru malah menyakiti kita. Bentuk cintanya di mana?,0,0,0,0,1,0,0
1467,Nah gitu dong kalau ada yang mt tuh ya dibales walaupun lama setidaknya dihargai wkwkwk,0,0,0,1,0,0,0
1345,"Done kak, btw happy birthday ya kak! Sehat selalu, semoga yang diinginkan terwujud semua ya kak. ",0,0,0,1,0,0,0
86,"Malem tahun baru dengan tidur yang berkualitas, so happy",0,0,0,1,1,0,0
3764,"sehatkanlah Ibu dan Ayahku, bahagiakanlah mereka dalam umur yang panjang dan penuh berkah.",0,0,0,0,1,0,0
592,"heran. kok ada ya org kaya gt, diperlakuin hal yang sama, gamau.",0,0,0,0,0,0,1
3425,“aku mau EXO menjadi grup yang hebat dan menjadi entertainer yang multitalented” – Suho,0,0,0,0,1,0,0
2540,"Selamat Tahun baru, buat yang di hati sudah lama..",0,0,0,1,0,0,0
3004,Teman-teman yang sedang kebanjiran. . semoga segera surut. ,0,0,0,0,0,1,0
2800,nikmatin aja apa yang Tuhan kasih dihidup lo. banyak2 bersyukur biar makin berasa tuh nikmatnya,0,0,0,1,0,0,0
371,"Sepi bengad, nga ada yang mau main ke dm ak apa?!?",1,0,0,0,0,0,1
264,"Bahkan jika kau sebenarnya telah beralih kepada yang lain, aku akan berusaha berbahagia untukmu.",0,0,0,0,1,0,0
1857,"Ahaha kena cuba sesuatu yang baru, lama - lama nanti dah tak awkward.",0,0,0,1,0,0,0
4072,"Tetap semangat kawan"" yang di Jabodetabek yang merasakan dampak banjir, keep safety. #banjir2020",0,0,0,0,0,1,0
340,2020 saya doakan orang2 yang saya sayang panjang umur dan dimurahkan rezeki dan dapat capai apa yang nak dicapai,0,0,0,1,1,0,0
2662,"1 tahun kedepan semoga jadi pribadi yang baik, lebih dekat dengan tuhan, dan membanggakan orang tua",0,0,0,1,1,0,0
2702,"Bye 2019 yang penuh drama, semoga drama ditahun 2019 bisa dijadiin pelajaran",0,0,0,1,0,0,0
3331,"Maksudnya, nasi goreng = nasi yang jelek. Soalnya kalo di bahasa sunda itu, goreng = jelek.",0,0,0,0,1,0,0
1075,Menunggu dan membuat orang lain menunggu adalah hal yang kubenci - Sasori,1,1,0,0,0,0,0
1096,lbh suka merayakan pergantian taun dengan circle pertemanan yang itu-itu aja asal ttp seirama.,0,0,0,1,0,0,0
3950,TL ada yang tau WO buat nikahan? rep ya please lgi butuh banget.. Terimakasih,0,0,0,1,0,0,0
2699,Sekarang aku gendutan gak sih ? kamu tau gak kenapa ? soalnya km udah mengembangkan cinta yang banyak dihatiku,0,0,0,1,1,0,0
1550,gue sedih sama pemikiran manusia manusia yang kalo banjir nyalahin gubernur,0,0,0,0,0,1,0
1066,"Janganlah kau menyakiti hatinya , karena itu hal kecil yang dapat membuatmu menyesal seumur hidupmu",0,0,0,0,0,1,0
287,"Ya Allah, bantu hamba dalam meluruskan setiap masalah yang sedang hamba hadapi.",0,0,0,1,1,0,0
2529,"Stay safe teman-teman saya yang terkena banjir, semoga Allah melindungi kalian semua",0,0,0,0,0,1,0
2046,"ga , masih ada 1 triliun juta miliar ribu orang di Dunia ini yang sama kek lu",0,0,0,1,0,0,0
1290,"Tukang makanan yang ada di depan pada mudik kali ya, laper bener pen masak tapi mager etdah",0,0,0,0,0,1,0
566,"Semoga kedepannya gak ada lagi yang harus terlukai, semoga ada kebahagiaan di tahun 2020",0,0,0,1,0,0,0
225,Aamiin. Sehat selalu juga untuk cees kami. Perjalanan hidup masih panjang. Maksimalkan yang sudah anda mulai!,0,0,0,1,0,0,0
1270,"yes yes recommended banget! resto ini yang bikin aku jadi suka jamur, padahal tadinya ga doyan blas ",0,0,0,1,0,0,0
1764,"Aku tida kuat melihat clip konser semalem. kelingan yang dulu dulu :"")",0,0,1,0,0,0,0
446,@kilo_romeo dasar kadrun... Kelompok bodoh yang ada di Indonesia ini..,1,0,0,0,0,0,0
2623,Sangat menyakitkan apabila mencintai seseorang yang cintanya untuk orang lain. -Riku (Kingdom Hearts),0,0,0,0,0,1,0
3521,“Hadirmu serupa senja menebar segala keindahan dengan Jingga yang memesona lalu tiba-tiba pergi tanpa ada kalimat perpisahan”,0,0,0,1,1,0,0
1842,"semoga 2020 yang diawali banjir air, dipenuhi banjir rejeki setelahnya.",0,0,0,1,0,0,0
667,"Tuhan, rahmatilah aku dengan kesehatan, ketenangan pikiran, kelembutan hati dan rezeki yang penuh berkah. Aamiin",0,0,0,1,1,0,0
1950,"Nah ini yang aku mau, oke next year, aamiin ",0,0,0,1,0,0,0
351,"Entah mengapa, terkadang waktu yang singkat, dapat menyisakan rasa yang begitu kuat.",0,0,0,0,0,1,0
2995,"Gue cuma mau bilang, kalo kalian yang jomblo itu cakep-cakep kok. Cakeeeeeeeep bangeeetttt",0,0,0,1,0,0,0
3007,// Gua kira J x S yang jadi trending topic itu Jiraiya x Tsunade.,0,0,0,0,0,0,1
1731,Ada yang ngadain project buat korban banjir gitu ga sih :(,0,0,0,0,0,1,0
664,"hati-hati minum digelas, kalau terlepas pecahlah nanti, cinta hati selalunya ikhlas, cinta buta yang makan hati.",0,0,0,0,0,1,0
3747,semoga di 2020 tidak terlibat lagi dengan drama drama yang tidak penting,0,0,0,1,0,0,0
3033,"Semoga saudara2ku yang terkena banjir, aman dan selamat. Semoga banjirnya lekas surut ",0,0,0,0,0,1,0
1576,Akulah pria yang selalu berusaha membuatmu lupa bahwa kamu pernah terluka.~,0,0,0,0,1,0,0
2823,happy birthday paaaa yang ke 20 kei? hahahahahhaha cepat sikit tuo tu semoga panjang umur murah rezeki ,0,0,0,1,0,0,0
3012,Goodluck acap. Semoga bahagia hahaha jaga kesihatan yang paling penting.,0,0,0,1,0,0,0
4012,"Semua cowok itu ganteng. Tergantung sebanyak apa uang di rekeningnya, dan semewah mobil yang dikendarainya.",0,0,0,0,1,0,0
884,":"""""""" sedih kalo liat ada yang hujad",0,0,0,0,0,1,0
1807,Happy New Year guys! Benda yang sentiasa terbang dari dulu sampai 2020 ialah wang kita...bukan awang ,0,0,0,1,0,0,0
3045,Semoga yang ketimpa banjir semoga airnya cepetcepet surut da kasian :(,0,0,0,0,0,1,0
326,"woww, kini rupanya arung jeram bisa dilakukan dengan mobil.Terima kasih paduka yang mulia Tuan Presiden",0,0,0,0,1,0,1
1692,hepi nu yirr 2020 semoga yang di semogakan bisa tersemogakan.,0,0,0,1,0,0,0
3139,"Bunaaa, udah makan yang bener belum?! Coba berobat atau minum ibat generik",0,0,0,0,0,0,1
2165,Stay safe semua yang dikelilingi air banjir!!!!!,0,0,1,0,0,1,0
96,Terimakasih untuk dirimu yang mencintaiku yg tau segala kekuranganku :),0,0,0,1,1,0,0
4037,"Oke cil, selamat tahun baru juga! Semoga hal yang baik selalu datang ke kita semua!",0,0,0,1,0,0,0
2536,"Musibah gak ada yang tau, itu Allah negur umatny sih :)",0,0,0,0,1,0,0
120,"Bersyukur 2019 pernah jatuh, setidaknya menjelang 2020 bibit dari biji-biji buah yang jatuh ketanah kini mulai bertumbuh.",0,0,0,1,1,0,0
2695,Semoga kakak nyaman di tempat kerja yang baru terus rejekinya tambah banyak aminn,0,0,0,1,0,0,0
1246,Tapi kenapa banyak cewe yang waxing???????,0,0,0,0,0,0,1
3452,kamu adalah salah satu hal yang tak bisa ku miliki :') #mblo,0,0,0,0,0,1,0
2887,Tetaplah memuji Tuhan bahkan ketika kamu tidak mengerti apa yang Dia sedang lakukan padamu,0,0,0,0,1,0,0
1369,"Awal taun yang keujanan, kek lagi totok wajah dear. Nyeri ",0,0,0,0,0,1,0
2886,Moga aman aman aja orang yang dirumah kamu atau sekitarnya yaaa :(,0,0,0,0,0,1,0
4193,Tahun ni aku dah 27. Aku sampaikan ucap selamat kepada semua yang sama umur dengan aku,0,0,0,1,0,0,0
858,"Tunjukkan kepada mereka yang belum tertutup mata hatinya. Untuk para hater, gak ada katakata untuk kalian",0,1,0,0,0,0,0
939,"Semoga yang kebanjiran cepet surut, dan mobil mobil yang kelelep ngga pada kanyut aminn",0,0,1,0,0,0,0
785,terimakasih buat sarjana kesehataan masyarakat yang sudah peduli dengan kesehatan masyarakatnya ,0,0,0,1,0,0,0
1754,akhirnya yang lahir tanggal 29 februari tahun ini merayakan ulang tahunnya ya. xixi selamat ya,0,0,0,1,0,0,0
3156,Pengen main tapi hujan dan gak ada yang ngajak:(,0,0,0,0,0,1,0
3812,"""Aku tahu aku bukan cinta pertama Anda, tapi saya harap saya akan menjadi yang terakhir untuk Anda""",0,0,0,0,1,0,0
502,"Apa kabar yang di jakarta? semoga sehat sehat ya, semua keadaan baik. Aamiin. #Banjir",0,0,0,0,0,1,0
2282,"Waah mereka emang asli goals friends bgt laah, bisa nih di ship sama orang2 yang suka hal2 beginian.",0,0,0,1,0,0,1
320,"ikut yang febuari er, wkwkwk besok gua ukmppd lokal :((( takut",0,0,1,0,0,0,0
2939,Terimakasih 2019 sudah memberi diriku pembelajaran dan kehilangan orang yang ku sayangi dan sangat berarti dalam hidupku,0,0,0,1,0,0,0
1888,jadi kemarin ditemukan mayat di daerah perumahan gue. ternyata yang ngebunuh itu perempuan.... fak serem,0,0,0,0,0,1,1
1458,Terima kasih telah mengkhianatiku. Kamu memang orang yang salah untukku.,1,0,0,0,0,1,0
555,"Baru kali ini ngeliat langsung banjir yang nyampe setinggi itu, stay safe everyone!",0,0,1,0,0,0,0
3981,"“Dan karenamu, aku percaya diri untuk jalani hidup yang penuh rintangan ini” -Hinata Hyuuga",0,0,0,0,1,0,0
822,Udah Tahun 2020 kok gak ada yang berubah ya ? masih begini aja liatnya ?,0,0,0,0,0,0,1
3570,Bodoh la laki ni hahahaha perangai mcm gampang  ada yang kena gunting ni. Aku angin betul la ,1,0,0,0,0,0,0
1,Pray untuk wilayah wilayah yang terkena banjir.. Semoga cepat surut banjirnya ,0,0,0,0,0,1,0
3263,Obati hatiku..berikan aku kecintaan kepadaMu..jangan Engkau hinakan hatiku ini dengan berharap kepada selainMu.. Wahai Dzat yang maha penyayang,0,0,0,0,1,0,0
2523,aamiin makasih doanya ava kembaran!!! semoga doa yang baik juga bakal balik ke kamu yaaa <33,0,0,1,0,0,0,0
3189,Selamat Tahun Baru... Semoga diberikan kesihatan yang baik dan ceria selalu...,0,0,0,1,0,0,0
1000,Page 1 of 365. Semoga yang sedang direncanakan berjalan dengan baik.,0,0,0,1,0,0,0
139,Apa kamu masih ingat sama apa yang pernah kamu ucap? lupa ya? hmm yaudahlah,1,0,0,0,0,0,0
1604,"( get well soon, Kkura mun! istirahat yang cukup, makan yang cukuuup!  )",0,0,0,1,0,0,0
1605,semoga 2020 menjadi tahun yang lebih baik dari tahun sebelumnya amiin ,0,0,0,1,0,0,0
1318,Mencintai tak hanya sekedar untuk dicintai. Tetapi bagaimana menjaga dan menghargai perasaan yang disebut cinta.,0,0,0,0,1,0,0
3101,Semoga tahun baru ni dimurahkan rezeki yang melimpah dan tak tinggal solat amin ,0,0,0,1,0,0,0
2275,"""Lubang dihati hanya bisa diisi oleh orang lain yaitu orang yang sangat berarti bagimu"". -Kakashi-",0,0,0,0,0,1,0
2145,"Nah lho, lu lagi gak lancar. Makan yang lancar dan jangan stress dong",1,0,0,0,0,0,0
1211,Ya Tuhanku sesungguhnya aku memerlukan sesuatu kebaikan yang Engkau turunkan kepadaku (QS 28:24),0,0,0,0,1,0,0
3585,"untuk kamu yang masih bertahan dengan sifatku yang aneh ini, aku mencintai mu :)",0,0,0,0,1,0,0
713,Wahahaha gage yang soompi na yan. Hhaha. BAka xa iboxing ko. Hhahahh,0,0,0,1,0,0,0
3840,Ayah.. Ibu.. Semoga Tuhan membalas semua kebaikan-kebaikanmu dengan sesuatu yang 'lebih'. Aamiin,0,0,0,1,1,0,0
1679,Semoga tahun 2020 ini menjadi pribadi yang lebih baik lagi,0,0,0,1,0,0,0
3348,"""Cinta tidak memiliki apapun yang ingin kau dapatkan, tapi cinta memiliki semua yang ingin kau berikan"".",0,0,0,0,1,0,0
2372,Astagfirullah Bang Saka gimana ga panik? Bangun-bangun gelap kirain aku yang buta tiba-tiba.,1,0,1,0,0,0,0
3918,semoga tahun ini jadi tahun yang baik buat kita semua yaa! ,0,0,0,1,0,0,0
2837,10. Anak IPA tapi benci pelajaran IPA khususnya yang eksak. Tapi aku suka pelajaran biologi.,0,0,0,0,0,1,0
3566,Semangat buat teman teman yang terdampak banjir. Moga lekas surut ya. Jangan lupa jaga kesehatan.,0,0,0,0,0,1,0
2968,Semangat buat eventnya kak tiw! Aku dateng yang di cabang jogja ajaa ,0,0,0,1,0,0,0
3752,carilah orang yang kau mau. apabila sudah lelah aku tetap ditempat yang sama.,0,0,0,0,1,1,0
744,"stay safe yaa buat yang kena banjir, love youu<3",0,0,0,0,0,1,0
3324,Ini yang pada memaki pak Nasarudin pasti kalau makan nggak pernah pakai sendok :D :D :D,0,1,0,0,0,0,0
757,Banjir datang dikala tahun baru datang. Semoga kita selalu dalam lindungan Tuhan yang maha kuasa.,0,0,1,0,0,0,0
3784,"Masih gangerti sama yang part eue di depan ortu. Itu bener-bener iblis si, parah",1,0,0,0,0,0,0
401,Semoga hujan sepanjang hari ini menjadi hujan yang bermanfaat untuk kita semua.,0,0,0,1,1,0,0
2958,"pdhl udh berusaha jadi yang paling bisa di banggakan, tp knp mereka msh minta yang lebih lebih lagi?",0,0,0,0,0,1,0
3959,2020 tahun dengan angka yang cantik semoga tahun ini hidupku secantik angkanya :),0,0,0,1,0,0,0
891,1 januari... banyak jalanan Ibukota yang kena banjir.. semoga cepet surut,0,0,0,0,0,1,0
1863,"happy new year sayangs saya, ada yang datang, ada yang pergi tapi kita harungi jela 2020 ni ",0,0,0,1,0,0,0
552,"Teman-teman yang kena banjir, semoga banjir cepat surut ya.. ",0,0,0,0,0,1,0
2230,Met taun baru uga cacaaa semoga tahun ini dapet yang baik-baik,0,0,0,1,0,0,0
2329,"apakah kau tak menyesal bila mencintaiku,karena aku bukanlah orang yang sempurna yang selalu banyak melakukan kesalahan.",0,0,0,0,1,0,0
160,Stay safe yang kebanjiran. Semoga lekas surut aamiin.,0,0,0,0,0,1,0
2077,"God please safe org2 baik di luar sana yang gak punya tempat tinggal tetap, ameen",0,0,0,0,0,1,0
2753,Semoga mendapatkan pekerjaan yang tetap dan gaji yg berkah aamiin,0,0,0,1,0,0,0
1367,"Ngga enak banget nunggu, apalagi yang ditunggu malah pura - pura tidak tahu.",1,0,0,0,0,0,0
378,"alhamdulillah rumah w gak kena banjir. stay safe ya semua yang kebanjiran, semoga cepet surut, sehat2 semuaaa",0,0,0,1,0,0,0
129,"Semoga cepet surut banjir"" nyaaa. Temen gue ada yang mau nikahan nihh. Semoga dilancarkannn",0,0,0,0,0,1,0
2970,Hari ini di buka dengan senyuman dia yang sedang bersama siapapun itu. Sedikit sakit tapi harus menerima.,0,0,0,0,1,0,0
2710,"Ayah dah otw kantor buat monitoring wilayah yang banjir, padahal ujannya masih lumayan deres",0,0,1,0,0,1,0
1770,"Banyak yang harus disyukuri dari yang lalu, terimakasih. ",0,0,0,1,0,0,0
1452,Selamat tahun baru. Selamat mendapatkan segala hal yang baru.,0,0,0,1,0,0,0
2934,"[] Better to love yourself, karena orang lain pun banyak yang cinta kamu^^",0,0,0,0,1,0,0
1919,"gasuka banget sama manusia yang gapernah ontime. coba kalo dia punya kepentingan sam orang lain, bakal ngerugiin banget",1,0,0,0,0,0,0
1882,"Masya Allah. Baru aja mulai 2020, udah ketinggalan kereta aja  semoga menjadi pengingat yang baik.",0,0,0,0,0,1,0
55,Semoga temen temen yang di daerah Jakarta sekitarnya tetep aman yaaa gak kenapa napa,0,0,0,0,0,1,0
3604,"Suka banyak! Watchlist yang udah aku tonton lumayan banyak, Mbak.",0,0,0,0,1,0,0
3112,"Ya Allah, terimalah doa dan rasa syukur hamba setiap hari. terima kasih atas nikmat dariMu yang tiada terhingga",0,0,0,1,1,0,0
1464,Previewnya mini calendar kayak gimana? Udah hopeless nyari sharing desk calendar yang masih avail,0,0,0,0,0,1,0
3053,Amin makasih doanya risma  doa yang terbaik juga buat kamu ris.makasih ya ,0,0,0,1,1,0,0
608,"tiada yang lebih membahagiakan daripada cinta dan tiada yang lebih menyakitkan dari kehilangan dan dilupakan, cinta",0,0,0,0,1,0,0
2355,"Hey nder, hidupmu bukan tentang nilai, tetap semangat di hidupmu, semoga yang kau inginkan terkabulkan",0,0,0,1,0,0,0
1474,Lagi scrolling IG lalu liat bulan kemaren banyak ya yang merayakan Anniversary. Wah selamat! Bahagia selalu!♡,0,0,0,1,0,0,0
1319,"Memang saya suka ceritanya yang mendebarkan, dan di film pun ceritanya disampaikan dengan baik.",0,0,0,0,1,0,0
3459,"Ternyata Tuhan sesayang itu sama gue,dijauhin dari cowo yang gak bener. Astaga bersyukur bgtttt",0,0,0,1,0,0,0
1949,Wah iya banyak banget. Waktu itu saya malah gak ada yang kesisa alias 0.,0,0,0,1,0,0,0
3038,Makasih ucapannya ya Sius. Selamat tahun baru juga! Semoga 2020 bertambah makin makin yang positif.,0,0,0,1,0,0,0
1214,Dari tahun ketahun memang yang paling enak ya cuma rebahan:(,0,0,0,0,1,0,0
2630,"2020: semoga yang diusahakan tercapai, yang dikejar bersambut. Selamat tahun baru!",0,0,0,1,0,0,0
2861,semoga ga kena banjir ya allah parah bgt liat orang2 yang kena banjir,0,0,0,0,0,1,0
3628,Kau tau apa yang kubenci? Aku benci ketika aku rindu namun yang kurindukan sedang merindukan yang lain.,1,0,0,0,0,1,0
509,Tanyarl buat teman-teman yang lagi terdampak atlantis gitu mck nya gimana ya? kasian :( semoga cepat surut ya,0,0,0,0,0,1,0
1999,Dari semua NCT 127 gue ga akan kaget kalo Johnny punya pacar. Kalo yang lain baru kaget,0,0,0,0,0,0,1
1572,Berkah hujannya merata.....coba kesejahteraan yang merata. Pasti every body willl be happy ya.....,0,0,1,0,0,0,0
2579,"Stay safe, waspada dengan hewan-hewan yang berkeliaran. Tadi ada video ular di banjir. ",0,0,1,0,0,0,0
455,"Kita pakai Spek yang Lebih Bagus , dengan pemilihan komponen yang baik akan didapat kualitas yang lebih optimal ..",0,0,0,0,1,0,0
2238,"Semoga selalu dalam lindungan Allah, Dan selau didekatkan Dan dipertemukan dengan orgorg baik yang semakin mendekatkan kita dengan pencipta",0,0,0,0,1,0,0
1780,"Dear ibu, engkau sesosok wanita yang harus menjelma menjadi laki-laki penafkah anak2nya. Menjalani hidup dgn 2 kepribadian ",0,0,0,0,1,0,0
2720,"Wkwkw,kucingnya auto pilot,kayak pemprov dki,wkwk,dki lagi yang kena deh,",0,0,0,1,1,0,0
2345,semoga di tahun baru ini yang perasaan cantik bisa jadi benar2 cantik!,0,0,0,1,0,0,0
3552,"Semoga di tahun ini bisa menjadi pribadi yang lebih baik lagi,amin.",0,0,0,1,0,0,0
1962,selamat tahun baru. semoga taun ini dan taun-taun berikutnya adalah segalanya yang baik. ,0,0,0,1,0,0,0
2396,"SUKA BANGETTT kalo ada tokoh fiksi yang pinter dan cerdik dan morally grey, go go gooo",0,0,0,0,1,0,0
2325,Semoga musibah banjir yang melanda beberapa kota di Indonesia segera surut dan keadaan normal kembali.,0,0,0,0,0,1,0
3545,"2020 banyak cita-cita yang harus dicapai, bismillah wisuda dan kerja! Yokk semangat!!!",0,0,0,1,1,0,0
1867,"Ya Tuhan, semoga hari ini menjadi hari yang baik untuku dan orang orang di sekitarku",0,0,0,0,1,0,0
3206,"Jangan sampai bangga saat dirimu jadi yang nomor satu, namun bangga lah saat dirimu berguna buat orang lain",0,0,0,0,1,0,0
2817,Semua yang terbaik buat kalian!!! @NCTsmtown @WayV_official,0,0,0,1,0,0,0
3677,Aamiin Dan yang belum menikah semoga cepat bertemu jodoh dan menikah,0,0,0,1,0,0,0
2007,Seketika sedih mikirin gimana kucing2 di Jakarta yang kena banjir ,0,0,0,0,0,1,0
2574,"beli makanan dimana mana rame bgt, yang buka juga dikit ampun perut gua udh teriak teriak ini:(",0,1,0,0,0,1,0
2070,"Daripada air yang meluap dimana-mana, mendingan cintaku aja deh yang luber-luber biar ga bikin bencana :(",0,0,0,0,0,1,0
3386,wkwkwkwk kayaknya tahun ini jadi ulang tahun tersepi krna pasti banyak yang gapeduli,0,0,0,1,0,0,0
472,"hari ini harusnya aku yang pulang, tapi kok malah mbah yang pulang :(",0,0,0,0,0,1,0
1060,Awal dari tahun 2020 menjadi awal yang buruk buat gua,0,0,0,0,0,1,0
618,"don't cry, akan ada pelangi setelah hujan deras. banyak yang sayang kinay",0,0,0,1,1,0,0
2193,"Gapapa, aiyin. Bikin aja terus kamu share di edumenfess threadnya siapa tau banyak yang baca jadi bermanfaat",0,0,0,1,0,0,0
856,Aku sangat cinta dengan susu kedelai yang asli maupun yang ini,0,0,0,0,1,0,0
1920,14. Tag sahabat/temen kalian dong! Dan beri pesan hangat yang tulus dari hati kalian buat mereka. ,0,0,0,0,1,0,0
1294,Rpa ada yang punya thread simbol lucu kaya gitu? Bagi dong. Sebelumnya terimakasih.,0,0,0,1,0,0,0
2794,Aku selalu pengen menangis padahal sebenarnya yang aku hadapi biasa aja,0,0,0,0,0,1,0
2499,Dapet nilai C+ di matkul yang dosennya killer dan temem temen gua lainnya nilainya C kebawah hehehe,0,0,0,0,0,1,0
3633,gue pengen banget nangis di depan lo ! biar lo tuh tau rasa sakit yang gue alami :'(,1,0,0,0,0,1,0
3,Selamat tahun baru dan jgn berburuk sangka kepada orang yang lahir di bulan September yaa.,0,0,0,1,0,0,0
2159,"""Yang paling aku benci adalah orang yang ingin mengambil hak kebebasanku."" -Kaito KID",1,0,0,0,0,0,0
1280,"Cinta bukanlah sebuah kata cinta, yang sebenarnya adalah cinta yang menyentuh hati dan perasaan",0,0,0,0,1,0,0
3922,(nctea) drop foto bias yang paling kalian suka pas di mbc gayo/sbs gayo/kbs gayo!,0,0,0,1,0,0,0
2608,"Nyari kordinatnya suka suka kalian ya, ya yang cepet dimana, google maps boleh, google biasa boleh.",0,0,0,0,1,0,0
260,Jadi tadi instastory itu dalem pesawat dan si bodoh itu didalem pesawat yang sama? ,1,0,0,0,0,0,0
725,Semoga aku bisa jadi salah satu yang ketemu biar nanti kalau ada yang teriakin gitu aku tegor abis-abisan:'D,0,0,0,1,0,0,0
1253,Semoga bisa lebih mengikhlaskan sesuatu yang emang gak ditakdirkan buat aku.,0,0,0,1,0,0,0
1837,"Samsung Galaxy J7 Prime,mau yang kanan,bismillah,wish me luck @BTS_twt",0,0,0,1,0,0,0
3426,Terima kasih telah mengenalkanku pada kedua rasa yang tak akan kulupa.,0,0,0,1,0,0,0
246,"Amin, makasih yer. Doain aja semoga ada yang mau ya wkwkwk",0,0,0,1,0,0,0
271,"Happy new year, Jeon!  semoga ada lebih banyak hal-hal baik yang terjadi di tahun ini.",0,0,0,1,0,0,0
1520,Wait siapa yang buka go tennyang?????? :'''(((,1,0,0,0,0,0,0
2679,"Tolong, itu yang buat 1/365 segera menghadap illahi saja... basi tauk!!!",0,0,0,0,1,0,0
2181,semoga banjir segera surut.. .. males ngebacot ntnin twitnya hans aja biar hans yang bicara,0,0,0,0,0,1,0
1043,"Untuk saudara-saudara kita yang daerah rumahnya terendam banjir, semoga cepat surut dan dapat beraktivitas seperti biasanya. ",0,0,0,0,0,1,0
39,Semoga tahun ini menjadi tahun yang baik dari sebelumnya yaa,0,0,0,1,0,0,0
59,"masalahnya aku pun minitik air mata pahal, kau yang nak balik maktab aku yang sedih HAHAHHAAHAH",0,0,0,1,0,0,0
2028,Halal bukan sekadar makanan yang kita makan tapi perhatikan juga halal pada apa yang kita cintai.,0,0,0,0,1,0,0
857,"ya jadi kaya pejabat yang korupsi aja, udah sumpah atas nama Tuhan, masi aja berbohong..",1,0,0,0,0,0,0
1323,Aku hanya duduk termenung menanyakan kedalam hati tentang sinar yang datang dan menerangi hatiku walaupun samar-samar.,0,0,0,0,0,1,0
2353,di surabaya kenapa gaada yang jual sate padang pake kerupuk cabe sih ,0,0,0,0,0,0,1
3138,"“Selalu ingat bahwa kamu adalah seorang pribadi yang unik, begitu juga dengan orang lain.” – Margaret Mead",0,0,0,0,1,0,0
4001,"Teganya kamu melupakanku yang bersemangat menunggu.. Jika berusaha, kita pasti bisa, kan? Setidaknya bagimu.. -Miku",0,0,0,0,0,1,0
308,"Selamat datang di tahun 2020, dimana yang kelahiran tahun 2000 udah kepala dua (20thn).",0,0,0,1,0,0,0
1727,"Tapi semoga di tahun ini kita bisa memperbaiki diri masing masing jadi manusia yang lebih baik, i love you ",0,0,0,1,0,0,0
824,"Percaya Tuhan selalu memilihkan jalan yang terbaik untuk kita, meski penuh beling dan lubang.",0,0,0,1,0,0,0
2976,Selamat malam mutualanku yang manis manis yang ga manis ga selamat.,0,0,0,1,1,0,0
600,Seneng liat kalian jg menikmati malam tahun baru yang indah. Happy new year hyung,0,0,0,1,0,0,0
1053,Stay safe temen temen yellkie yang berada di jabodetabek  #banjir2020,0,0,0,0,0,1,0
2462,"Ini yang ada di ig kan? Bagus banget, tadi aku nemu ignya hehe",0,0,0,1,1,0,0
1001,"Terimakasih 2019. Atas bahagia, luka dan hal apapun yang membuat aku menjadi pribadi yang lebih berfikir.",0,0,0,0,0,1,0
4013,buat yang rumah nya kena banjir hati hati ketemu temennya garaga,0,0,1,0,0,1,0
2369,"Sabar, karena terkadang itu akan membawa kita pada sesuatu yang lebih baik.",0,0,0,1,0,0,0
1688,"Anak"" spaso masi kecil, ibunya dah gak ada, yang sabarr ya na",0,0,0,0,0,1,0
2731,Stay safe untuk kawan kawan yang rumah/daerahnya terkena banjir. Semoga bisa cepet surut ,0,0,0,0,0,1,0
1574,"Sukses terus mbak, semoga kali ini ako jadi salah satu orang yang beruntung dapat giveaway dari mbak :)",0,0,0,1,0,0,0
4052,Tahun baru hujan yang besarr semogaa saluran air kitaa selalu dalam kondisi baik:),0,0,0,0,0,1,0
3466,"Tahun baru, cerita baru, dengan orang yang sama ",0,0,0,0,1,0,0
3326,"semoga bisa menjadi pribadi yang lebih baik lagi, semoga bisa bahagiain ortu, semoga apa yg diharapkan bisa terwujud",0,0,0,1,0,0,0
2002,"Ada yang cantik nder tajir juga anjir, dibeliin ip noh anak rp line. Awowkwkwkwk",0,0,0,1,0,0,1
3221,"#. Kasian yang kena banjir, please stay safe ol",0,0,0,0,0,1,0
3248,Ini emang enak banget daripada yang asli T ^ T,0,0,0,0,1,0,0
1072,Kaos big wave yang collab sama nct life lucu banget huhu jadi ingin tapi gada duid,0,0,0,0,1,0,0
3895,"Aku pake mix me yang warna pink, enak banget lembab tp wanginya kaya obat batuk ;(",0,1,0,0,0,0,0
2930,"selalu merasa dilemparkan tiba-tiba ke masa lalu saat mendengar lagu yang bercerita tentang saya dan dia, dulu.",0,0,0,0,0,1,0
2840,plis obat migran yang paling ampuh:((((,0,0,0,0,0,1,0
168,btw yang kena dampak banjir semoga cepat selesai berbenahnya dan ku doakan baik-baik saja ,0,0,0,0,0,1,0
3539,"Awal tahun diawali dengan curahan air yang sangat melimpah, semoga di daerah2 yg banjir segera surut",0,0,0,0,0,1,0
1987,semoga ditahun 2020 ini km bs dapat kerjaan tetap yang sesuai dan nyaman buat km ya. semangat terus!,0,0,0,1,0,0,0
1479,Semoga ku bisa mengambil pelajaran dari tahun-tahun yang telah terlewati :),0,0,0,1,0,0,0
3035,2020 dimulai dengan bencana banjirpuji Tuhan rumah aman tapiiii sedihhh liat yang pada kebanjiran,0,0,0,0,0,1,0
923,"""Tolong izinkan aku untuk menjadi orang yang pantas menyayangimu!!!"" Gildarts",0,0,0,1,1,0,0
2244,Semoga th 2020 th yang terbaik buatku amiin #rebahanpertamadi2020,0,0,0,1,0,0,0
4070,"banyak harapan baik di 2020, semoga semua yang disemogakan tercapai, ya.",0,0,0,1,0,0,0
3749,"Ya memang kamu selalu salah, dah terima saja untuk 2020 yang lebih baik. ",0,0,0,1,0,0,0
2467,"Daritadi pesen grebfut gak ada yang ambil, sedih bgt :((((",0,0,0,0,0,1,0
2652,"Tuhan,  yakinkan aku bahwa dia bukan yang terbaik untukKu",0,0,0,0,0,1,0
3800,Astagfirullah sering banget buang-buang waktu cuma buat nulis caption yang akhirnya juga bakalan diapus sebelum 24 jam ,1,1,0,0,0,0,0
2866,"Tahun sudah berganti, hari demi hari akan dilewati. Mimpi-mimpi yang mati, menanti untuk dihidupkan kembali.",0,0,0,0,0,1,0
1736,"Aku diam aku imut, aku sayang kamu kamu sayang yang lain :)",0,0,0,0,0,1,0
2802,"Orang bilang ""masih banyak ikan di laut"", tapi buatku cuma kamu yang berenang-renang di hatiku",0,0,0,0,1,0,0
1476,"Selamat tahun baru  , semoga jadi manusia yang lebih baik lagi.. Amin ",0,0,0,1,0,0,0
3104,"Aku hidup bukan untuk sendiri, melainkan untuk membela orang yang berada di dekatku - Uzumaki Naruto",0,0,0,0,1,0,0
1491,"Tuhan, bersama terbenamnya matahari senja ini, sirnakanlah kebiasaanku yang membatalkan rezekiku sendiri. Aamiin",0,0,0,0,1,0,0
2080,Kenapa harus takut gelap kalau ada hal indah yang hanya bisa dilihat sewaktu gelap. #BRORIVAICenter,0,0,1,0,0,0,0
688,Mereka menginginkan yang terbaik untuk kita. Kita tau mana yang paling terbaik untuk masa depan kita,0,0,0,1,0,0,0
3359,"Tolong bilang ke aku itu siapa yang berani narik baju kamu coba, coba bilang ke aku yoongi-ah",1,0,0,0,0,0,0
2690,Art! Ada yang suka bikin kpop fanart di sini? Ayo mutualan! Fandom apa pun gak masalah.,0,0,0,1,0,0,0
2450,Sedih dapet kabar dari orang-orang kantor yang rumahnya kebanjiran. Semoga gak parah-parah banget ,0,0,0,0,0,1,0
436,"Semoga banjirnya cepet surut, kasian yang rumahnya pada kebanjiran.",0,0,0,0,0,1,0
3454,"HAHAHA lucu banget neneknyaa, pls kalo nenek kamu nanya nanya terus jelasin yang sabar ya",0,0,0,1,0,0,0
3270,Aminnn. Selamat tahun baru juga k.Adibah. Semoga yang baik2 je untuk k.Adibah dan keluarga.,0,0,0,1,1,0,0
2037,"awal taun baru yang bagus. mudah mudahan keterusan deh bagusnya, aamiin",0,0,0,1,1,0,0
1126,harapanku untuk tahun yang baru sederhana saja; menjadi manusia yang tidak disia-siakan dan tak menyia-nyiakan.,0,0,0,1,0,0,0
2998,"Maaf, untuk diriku yang bahkan untuk alasan hidup pun, aku tak benar-benar mencintai diriku.",0,0,0,0,0,1,0
23,"Terimakasih 2019kuuu, semoga apa yang aku dan kamu semogakan tersemogakan yaaaa. Sekali lagi terimakasih",0,0,0,1,0,0,0
980,"Lelaki terindah di mata wanita bukanlah yang paling tampan raut wajahnya, melainkan yang paling menawan keimanan dan budi pekertinya",0,0,0,0,1,0,0
4102,Makasih banyak semoga kebaikan mu di balas dengan yang maha kuasa,0,0,0,1,0,0,0
2981,"Naruh cucian yang hampir kering di bawah atap, eh ternyata bocor, jadi basah lagi :)",0,0,0,0,0,1,0
3666,"Jujurlah tentang perasaanmu, utarakan apa yang kamu rasa. Karena, memendam perasaan lebih menyakitkan daripada penolakan.",0,0,0,0,0,1,0
2215,2019 adalah tahun yang apaan. 2020 semoga lebih baik fufufufu,0,0,0,1,0,0,0
2362,SUMPAH aku blm nemu????! :( apa ya yang lucu T_T,0,0,0,0,0,1,0
499,"2020 semoga musibah di tinggalkan, diganti dengan nikmat yang indah.",0,0,0,1,0,0,0
2547,"yang rumahnya kebanjiran, hati hati ya, jangan sampe sakit:'(",0,0,1,0,0,1,0
4003,"Aamiin, terima kasih. Semoga yang terbaik untukmu juga",0,0,0,1,0,0,0
2961,Momen akhir tahun yang luar biasa. Thanks. #happynewyear2020,0,0,0,0,1,0,0
2571,"selamat tahun baru kak f, semoga 2020 jadi tahun yang baik buat kk yaa",0,0,0,1,0,0,0
1182,"Kan ngomongnya gubernur yang nganu:""banjir jakarta lebih mudah diberesin  kalo jadi presiden..... Begitu cebonggggggggg",0,0,1,0,0,0,0
3912,selamat tahun baru untuk teman-temanku. yang bukan temanku selamat ulang tahun.,0,0,0,1,0,0,0
792,"Karena lambat laun kau akan menyadari, tak ada yang mampu mencintaimu, setulus aku.",0,0,0,0,1,0,0
617,"Alhamdulillah, semoga bisa menjadi yang lebih baik lagi dari yang sebelum-sebelumnya.",0,0,0,1,0,0,0
3167,"Selamat mbak tant, semoga menjadi keluarga yang sakinah.",0,0,0,1,0,0,0
1449,“Aku mencintaimu karena Allah dan aku takkan pernah mau dipisahkan denganmu kecuali Allah yang memisahkan kita”,0,0,0,0,1,0,0
115,"Bismillah, 2020. Apapun yang akan terjadi nanti, kuat-kuat",0,0,0,1,0,0,0
1010,Enggak bosen sih... Soalnya akhirannya semua tim kan kaya bekerja sama gitu buat nangkep yang jahat?,0,1,0,0,0,0,0
3479,buat semua mutual aku yang kebanjiran.. staysafe ya :( ,0,0,0,0,0,1,0
1504,"Halo yang lebih cantik— kan aku jadi jatuh cinta,,,, ",0,0,0,0,1,0,0
3190,"sehat, selalu bahagia dan semua yang belum tercapai bisa tercapai di taun ini",0,0,0,1,0,0,0
2730,"Eh! mau nanya yang di Bandung, 372 Kopi yang di Setiabudi hari ini buka ga ya?",0,0,1,0,0,0,0
2152,"selamat pagi tweeps, semoga aktivitas kamu lancar dan dapat apa yang kamu cari :)semangat guys.",0,0,0,1,0,0,0
1979,"Semangat kalian semua yang terkena banjir, semoga cepat surut yak!!",0,0,0,0,0,1,0
4045,"Makasih ka Erin . Aamiin Insyaallah, semoga doa"" yang baik kembali ke ka Erin ",0,0,0,1,0,0,0
2678,"terima kasih 2019, untuk semua pengalaman dan yang selalu ada. selamat datang 2020!",0,0,0,1,0,0,0
1078,"Hari ini aku akan lebih tegas mengabaikan orang yang mengabaikanku, dan lebih membahagiakan mereka yang mencintaiku",0,0,0,1,1,0,0
2718,oiya bener :( semangat yang kebanjiran. semoga cepet surut. jangan mainin air banjirannya :((,0,0,1,0,0,0,0
3374,"aku jatuh cinta pertama kali sama yang ""seseorang sepertiku"" rasanya bikin aku semangat ehe",0,0,0,1,1,0,0
1750,Semoga hujan cpt reda dan yang banjir cpt surut hujan di rumah w dr kmrn sore blm berhenti,0,0,1,0,0,0,0
4011,"stay safe kamu.. jangan lupa selamatkan barang yang berharga, seperti album, pc official, konbat",0,0,1,0,0,0,0
4020,"Oy selamat natal&tahun baru admin muslim cyber army,yuk ganti otak yang baru yuk",0,0,0,1,0,0,0
1761,Semoga tahun ini banyak anak yang lahir 29 februari wkwkwk,0,0,0,1,0,0,0
1601,"temen temen yang di kawasan jkt sekitarnya, safety first ",0,0,1,0,0,1,0
861,“Aku tersesat di jalan yang bernama kehidupan” (Hatake Kakashi)#QuoteUI,0,0,0,0,0,1,0
557,semoga 2020 ini duit tidak hilang pada benda yang langsung tiada faedah. aamiin.,0,0,0,1,0,0,0
2940,"2020, semua yang terbaik untuk hidup ku ya Allah",0,0,0,1,0,0,0
4153,"Tuhan tidak kemana-mana, akunya saja yang kemana-mana. Semoga 2020 menjadi lebih baik ",0,0,0,1,0,0,0
1373,"Jodoh yang terbaik adalah jodoh yang diberikan oleh Tuhan, suatu saat nanti :)",0,0,0,0,1,0,0
2882,"Aku pernah menjalani hidup dimana yang ada hanya gelap, tidak ada seorangpun. Terima kasih diriku karena melewati itu",0,0,0,1,0,0,0
1593,"Tuhan, aku memaafkan mereka yang melukai perasaanku, karena dengannya Engkau akan membahagiakan hidupku. Aamiin",0,0,0,1,1,0,0
585,1 Januari 2020. Semoga menjadi awal dari tahun yang gemilang.,0,0,0,1,0,0,0
1894,"Turut berduka cita bagi semua yang terkena musibah banjir, jangan saling menyalahkan cukup introspeksi diri",0,0,0,0,0,1,0
3242,"Semoga dilancarkan terus rejekinya, dimudahkan segala urusannya dan apa yang diinginkan bisa tercapai ya kak",0,0,0,1,0,0,0
1737,"lelaн ιтυ ĸιnι тelaн тaмpaĸ, dι мaтaмυ yang dυlυ ѕelalυ мenjadι ѕalaн ѕaтυ alaѕan мengapa aĸυ мencιnтaιмυ.",0,0,0,0,1,0,0
3490,doakam saya yang masih hafalan juz 30. Seneng liatnya. Semoga segera bisa menyusul. Amin,0,0,0,1,0,0,0
646,"Kuatkan aku tuhan, aku hanya ingin melihatnya ia BAHAGIA meski tanpa aku yang sangat menyayanginya :')",0,0,0,0,1,0,0
1814,Semoga hujan yang turun dari kemaren sampe sekarang menjadi berkah untuk awal tahun,0,0,0,1,0,0,0
3777,2020 : semoga dapet jawaban yang terbaik dari semua kenapa :),0,0,0,1,0,0,0
2676,semoga 2020 bs jd tahun yang banyak bahagianya dan sedikit dukanya ,0,0,0,1,0,0,0
429,Kok ada ya cowok yang gak bisa bertanggung jawab?,1,0,0,0,0,0,1
2801,Sahabat yang sabar dan selalu perhatian atau sahabat yang cool dan suka ngajakin kita buat nyari pacar? #QAwithK3,0,0,0,0,1,0,0
3920,semoga semua kesedihan yang kemarin gak terulang lagi ya Allah aamiinnn,0,0,0,0,0,1,0
3869,Alhamdulillah.. Pagi yang sejuk diawal tahun baru.... Pagi Sarah.!,0,0,0,1,0,0,0
3504,"apa yang harus kulakukan. Semangat ya kak ngerjain tugasnya, semoga cepet selesai!!!",0,0,0,0,1,0,0
3313,"temen² yang rumahnya kebanjiran, moga cepet surut ya  liat TL kok banyak yang posting/RT twit banjir",0,0,1,0,0,0,0
3564,#priemroses ： stay safe yang daerah rumahnya banjir. semangat ya. ,0,0,0,0,0,1,0
2999,Retainer jatuh dalam lubang jamban yay pagi 2020 yang sangat INDAH ,0,0,0,0,1,0,0
2114,"teruntuk yang kemarin berdoa supaya tahun baru turun hujan, gausah ngeluh sekarang banjir anjing.",0,0,1,0,0,0,0
1480,Semoga tahun 2020 lebih baik dari tahun yang sebelum nya aminnn.,0,0,0,1,0,0,0
4078,"Pak, kalau saya, saya yang kangen, pak. Saya Libra dan susah banget move on, pak ",0,0,0,0,0,1,0
1056,"""Selama hidupmu jadilah dirimu sendiri, bukan berusaha menjadi pribadi yang sempurna."" Lucy",0,0,0,1,0,0,0
138,Harapanku semua sudah berakhir dan yang mengakhirinya adalah..... kau,0,0,0,0,1,0,0
814,"Kita punya hubungan yang baik, suatu saat pasti kembali kalo udah baik :)",0,0,0,0,1,0,0
1003,quotenya apalagi... sudah tidak waras fans. Giliran dia menang award gak ada yang hype sebanyak itu.,1,0,0,0,0,0,0
3418,"Semoga yang kebanjiran di Jakarta dibanjirin berkat juga Well, the same wish for all of us.",0,0,0,0,0,1,0
1258,Semoga tahun yang telah berlalu mengajarkan kita banyak hal untuk menyonsong masa depan yang lebih baik...,0,0,0,1,0,0,0
3975,"[ 1st january, semoga sesuatu yang baik terjadi ]",0,0,0,1,1,0,0
1739,jx1! Ada yang jual fankit fullset tapi bayar pas barangnya di indo nggak? Takut ketipu lagi:(,0,0,1,0,0,0,0
3499,"Pemandangan awal tahun yang Indah, penantian do'a selama setahun belakang. Terimakasih ya Allah ",0,0,0,1,0,0,0
84,selamat pagiiii. selamat memulai kisah baru. semoga tahun 2020 jadi tahun yang menyenangkan untuk kita semua ,0,0,0,1,0,0,0
2062,"semoga sehat dan bahagia, jadi pribadi yang lebih baik dari sebelumnya",0,0,0,1,1,0,0
1299,"Kak jaga kesehatan ya, jgn skip makan huhu pake baju yang anget juga sayang kak sejin ",0,0,0,0,1,0,0
2471,stay safe teman teman semua! terutama yang di villa nusa indah,0,0,0,0,0,1,0
2144,apa yg dirayakan dari tahun baru? kalian berhura-hura menyambut kesedihan yang akan datang.,0,0,0,0,0,1,0
248,SELAMAT ULANG TAUN PAK KETU! Doa yang terbaik buat taun ini! Semangat ngejar ngejar kejoranya @Galaksialdebara,0,0,0,1,0,0,0
1959,"2019 : tahun yang begitu berat, menguras tenaga dan pikiran. Teramat sangat. Tolong, jangan terulang.",0,0,0,0,0,1,0
3726,Aku harap di 2020 ada sesuatu yang indah dan membuat haru.,0,0,0,1,0,0,0
2021,"Paling takut kalo kena banjir, soalnya mayat kecoa ngambang sama banyak kecoa mengevakuasi dirinya ketempat yang lebih tinggi.",0,0,1,0,0,0,0
3250,"Hipi niw yir , semoga ya rezeki tahun ini seperti hujan yang turun hari ini .. #tahunbaru2020",0,0,0,1,0,0,0
702,Deket rumah sudah banyak yang nyala listriknya. Kenapa disini lama sekali nyalanya. :(,1,0,0,0,0,0,0
2136,Yeh gua semalem udah di depan rumah lu tapi ga ada yang keluar yaudah gua cabut lagi,0,0,0,0,0,1,0
1085,"Tahun baru, bulan baru, hari baru, menit baru, detik baru, eh kamu punya yang baru",0,0,0,1,0,0,0
3537,"Ketika aku kehilangan harapan dan cinta, kamu datang dan menawarkan sejuta impian yang terasa nyata",0,0,0,0,0,1,0
3529,"Dimana mana cowok yang jagain, tau. Masa aku yang jagain. Ogah aaahh",1,1,0,0,0,0,0
345,"Ungkapkan rasa cintamu dengan cara yang baik, bukan dengan cara yang bisa menyakiti dia ataupun dirimu sendiri",0,0,0,0,1,0,0
3551,"Terkadang, kita terlalu sibuk tangisi pintu yang tertutup, hingga tak menyadari bahwa tak semua pintu itu terkunci",0,0,0,0,0,1,0
1685,"Kamu itu seperti perampok, yang masuk menyelinap kedalam mimpiku dan mengambil hati beserta perasaanku.",0,0,0,0,0,1,0
901,Tak sanggup lagi aku mencerna arti dan tujuan.. Hanya menanti tanya yang tak terjawab darimu..,0,0,0,0,0,1,0
4159,Terimakasih om dan tante yang bersedia rumahnya direcokin sama kita huhu :'),0,0,0,1,0,0,0
623,"Ya Allah, masukkan diriku pada golongan yang saleh, jadikanlah daku orang yang pandai bersyukur dalam kekurangan.",0,0,0,0,1,0,0
3179,Terima kasih 2019 mungkin adalah tahun terbaik bisa lulus di ptn yang di inginkan dan dapat wanita terbaik.,0,0,0,1,0,0,0
3150,"Kata yang paling merdu adalah namamu, hari yang paling indah terjadi karena senyummu. I love you.",0,0,0,0,1,0,0
136,Selamat taun baru semuwanya dr ak yang ketiduran di menit menit terakhir taun baru,0,0,0,1,0,0,0
3009,"Untuk setiap menit yang Anda gunakan untuk mengeluh, ada 60 detik upaya untuk sukses yang hilang sia-sia",0,0,0,0,1,0,0
3720,Mau yang midnight secret kak. Bismillah semoga rejeki aku. Btw selamat tahun baruuuu ,0,0,0,1,0,0,0
3661,"Bukan harta dan ketenaran yang membahagiakan, tapi kedamaian dalam kesibukan yang bermanfaat, bersama mereka yang kau cintai.",0,0,0,0,1,0,0
3902,Selamat tahun baru mutualku dari ak yang ketiduran pas taun baru wkwkwk,0,0,0,1,0,0,0
2746,Selamat tahun baru semuanya. Semoga ditahun yang baru ini menjadi awal bagi kita semua menuju sukses dan bahagia ya ,0,0,0,1,0,0,0
1113,k aku mau tidur dulu. selamat pagi utk semua orang kecuali yang belum like gambar latestku di ig hehe ,0,0,0,1,0,0,0
2780,Turut berduka yang wilayah rumahnya terkena banjir. Kamu kuat.,0,0,0,0,0,1,0
459,"Masih banyak yang lainnya, tapi mohon maaf saya lupa kalau nggak liat parfum nya hshshshs.",0,0,1,0,0,0,0
4004,Day 1 of 366: Apapun jalan yang aku dan kamu pilih semoga selalu direstui Tuhan dan Semesta mendukungnya.,0,0,0,1,1,0,0
3451,"Aku memang bukan yang terbaik untukmu, tapi kamu tak pernah tau bahwa diriku sangat mincintaimu setulus hatiku. Teens_Paulina",0,0,0,0,1,0,0
1703,Lp ada yang jual acc via tsel yang no rate? acc terserah apa aja jangan selfol tapi,1,0,0,0,0,0,0
404,selamat tahun baru. walaupun awal yang kurang baik!,0,0,0,0,0,1,0
616,"2020 : semoga semua orang lebih berbahagia, semua yang direncanakan dan diinginkan tercapai di tahun ini ",0,0,0,1,0,0,0
3536,"khatam kamus tu masuk akal, yang dari google translate tu aku takut aku tersesat jalan je ",0,0,1,0,0,0,0
2402,"2020, semoga menjadi lebih baik lagi dan apa yang diinginkan bisa tercapai.",0,0,0,1,0,0,0
3933,"Masih banyak sih yang lain, tapi aku sayang dan nyamannya cuma sama kamu. :){}",0,0,0,0,1,0,0
535,Selamat datang di bulan januari untuk kalian yang sudah berusaha keras walau tetap sendiri.,0,0,0,1,0,0,0
1259,"Aku ga cemburu kok, aku cuma gasuka kalo ada seseorang yang cari perhatian sama kamu",0,0,1,0,0,1,0
1864,mau summer package 2016 yang di dubai itu kk  wish me luck ,0,0,0,0,1,0,0
546,Tahun 2019 teramat sangat berkesan. Sama seperti tahun tahun sebelumnya yang selalu ada cerita unik disetiap tahunnya ,0,0,0,1,1,0,0
2645,"Ini pasti satupun ngga ada yang harapan 2020-nya, ""Semoga tidak banjir"". Ini bugs kita guys. ",0,0,0,1,1,0,0
1112,Ternyata ketiduran dimalam tahun baru adalah hal yang nikmat. Lebih nikmat dari orang yang uangnya dihabiskan untuk mabu-mabu.,0,0,0,1,0,0,0
3358,Nahhh yo kui Sik di khawatirkan... Wes ketebalan disetiap ada kerumunan pasti ada sampah yang ditinggalkan,0,0,1,0,0,0,0
109,"Iyaa.. awal yang baik nih li, jadi lebih semangat wakwak",0,0,0,1,0,0,0
849,2020. Semoga dapat tempat kerja baru yang dekat dengan Ibu. Amin,0,0,0,1,0,0,0
1956,"Air nya yang 83,55 % gak bisa terserap, sehingga ngantri untuk masuk kedalam aliran air vertikal.",0,0,1,0,0,0,0
3381,"Semoga menjadi pribadi yang lebih baik lagi, banyak rezeki dan sehat selalu",0,0,0,1,1,0,0
2200,Terima kasih kepada hamba hamba Allah yang tahu aku tengah lapar and then hulur makanan ,0,0,0,1,0,0,0
1729,Semoga semua goals kita di tahun yang baru ini akan tercapai semua ya! Aamiin. ,0,0,0,1,1,0,0
3715,Selamat tahun baru untuk kalian yang hadir di hidupku dan memberikan banyak pelajaran hidup tentang realita dunia ini,0,0,0,1,1,0,0
1162,"Amin, semoga apa yang telah di rencanakan dari DJPB, datap terwujud sehingga semakin gemilang",0,0,0,1,1,0,0
1005,2020 semoga masih bertahan dengan kamu yang aku temui di 2019 .,0,0,0,1,0,0,0
2771,Happy New Year! Moga tahun 2020 ni membawa kita semua ke arah yang lebih baik. Ameenn insyAllah ,0,0,0,1,0,0,0
2935,"Kalau bukan kita, siapa lagi yang akan membantu saudara kita yang terkena banjir di wilayah Jabodetabek. #BUMNBantuBanjir",1,0,0,0,0,0,0
107,"Hal yang menyedihkan dalam cinta adalah saat kita dengan tulus mencintai, tapi tidak di akui",0,0,0,0,1,0,0
2994,"Seneng bgt akhirnya mereka bisa dating terang2an ngga diem2, kebahagiaan bangtan adalah yang paling penting",0,0,0,1,0,0,0
40,"Kalo dimatiin listrik jam segini, yaudah keburu banyak yang meninggal. Wong banjirnya udah dari pagi tadi ",0,1,0,0,0,0,0
3687,Selalu percaya kamu punya perasaan yang sama walau sampai saat ini gak tahu perasaanmu yang sebenernya.,1,0,0,0,0,0,0
3457,"Selamat tahun baru, mas wonwoo!!! Semoga banyak hal-hal baik yang terjadi untuk kamu di tahun ini",0,0,0,1,0,0,0
2124,"arigato noona,semoga tahun ini jadi tahun yang baik untuk noona :D",0,0,0,1,0,0,0
2556,"Semua yang terjadi kepadamu kemarin, hari ini, dan esok hari adalah untuk kebaikakanmu .",0,0,0,1,1,0,0
2466,Untuk yang terkena banjir bergembiralah karna tak semua orang bisa seberuntung anda,0,0,0,0,0,1,0
3619,"Buat yang mau keluar stay safe ya, jauhin tiang listrik, bahaya kalo ada kabel yang kebuka",0,0,1,0,0,0,0
3195,selamat untuk yang sudah bisa keluar dari dunia fvckworld ini :),1,1,0,0,0,0,0
2409,"2019, kehilangan seseorang yang udh 4 tahun bersama, aku kuat kok.",0,0,0,0,0,1,0
2169,"yang kebanjiran, semoga hujan berhenti dan cepet surut dan barang2 masih bisa diperbaiki..",0,0,0,0,0,1,0
2076,"Ya Allah, mohon bebaskanlah jiwa kami dari keletihan, dan hapuskanlah kekecewaan yang kami temui hari ini",0,0,0,0,1,0,0
2578,"Innalillahi wainnailaihi rojiun, turut berduka cita, semoga keluarga yang ditinggalkan diberi ketabahan dan kesabaran.",0,0,0,0,0,1,0
2201,Selamat datang 2020. Semoga apa yang diharapkan di tahun sebelum nya bisa terealisasi di tahun ini,0,0,0,1,0,0,0
2506,Masokis mba? Saya tau cinta itu bisa bikin orang bego tapi gak tau ternyata ada yang sebego ini hahaha,0,0,0,1,1,0,0
4140,Semoga Allah melindungi negeri kita dari semua keburukan yang mereka usahakan,0,0,0,1,1,0,0
2561,"Hadeh nder nder, bosen hanya sesaat nder.. Lepasin yang cewenya, nunggu itu ga gampang.",0,0,0,0,0,1,0
1463,"kenapa play victim sekali sih:( ke seolah"" disini gua yang jahat:(",1,0,0,0,0,0,0
3553,"Gak enak aja, kita belum tau kebenarannya tapi yang ribut ini udah ngomong yang enggak-enggak tentang mereka,",1,0,0,0,0,0,0
2019,"Yang penting itu alhamdullilah masih belum ada yang diungkap, dan Nayeon masih aman sampek sekarang",0,0,0,1,0,0,0
2842,"Besok masih cuti,  isa banget nguras rumah sama beresin semua tumbler dan taperware mama yang kubiarkan terendan HAHAHAHA",0,0,1,0,0,0,0
1752,"ibu, seseorang yang sangat berarti di sepanjang hidup aku yang takkan tergantikan oleh siapapun",0,0,0,0,1,0,0
3883,"Demi apa aku menemukan banana chips yang enak bangeeet, mana rasanua honey butter gilaaaak enak parah",0,0,0,0,1,0,0
3420,2020: Lakukan apa yang membuatmu senang. Jangan memikirkan orang lain.,0,0,0,1,0,0,0
4073,"Kau gagal tetapi masih bisa mampu bangkit kembali, karena itu menurutku arti dari kuat yang sebenarnya.",0,0,0,0,1,0,0
1556,Selamat menyambut tahun baru buat semua yang mencapai umur 30-an tahun ini. Welcome to the club.,0,0,0,1,0,0,0
2583,"Dari sekian aktivitas yang di lakuin dari semalem , emang rebahan yang paling nikmat.",0,0,0,1,0,0,0
844,"2020?semoga saya bisa belajar menjadi orang yang tau diri dan penuh dengan kehokian, sabi",0,0,1,0,0,0,0
2195,"Terima kasih untuk 2019 yang luar biasa, mari ganti target ditulisan dinding taun ini dengan yang lebih BOOM",0,0,0,1,0,0,0
270,tahun ini semoga menjadi pribadi yang lebih baik lagi dari tahun sebelumnyà,0,0,0,1,0,0,0
2717,Bersyukur bgt masih punya sobie sobie yang orang tua nya pun baik sama aku dan 'welcome' ,0,0,0,1,0,0,0
691,"Dalam hati ada ""kekusutan"" yang tidak akan terurai kecuali dengan menyerahkannya pada-Nya.",0,0,0,0,0,1,0
4111,Allah selalu memberikan yang terbaik untuk semua hambaNya #jokowi2periode #2019tetapjokowi,0,0,0,1,1,0,0
3043,Ah aku yang manis ini gabisa berkata manis :(,0,0,0,0,0,1,0
3744,"That's why gue rada males mutualan ama cowo, pada banyak yang kaga jelas dan sangean.",0,1,0,0,0,0,0
4031,"Dulu, kalo ketemu sama orang yang disuka, gabisa ngomong, cuma bisa senyum sambil malu-malu gitu. Hehe",0,1,0,0,0,0,0
245,"Emang bener sih, ada orang tua dan kerabat yang belum saya bahagiakan, semoga tahun ini terealisasikan ",0,0,0,1,0,0,0
2594,Tahun baru disambut dengan hujan yang tak kunjung reda. Karena cuaca di depok aduhai syahdu yaudah tarik selimut lagi,0,0,0,0,0,1,0
3077,Semoga yang terkena musibah slalu dalam lindungan Allah. Aamiin,0,0,0,0,0,1,0
1488,Selamat pagi 2020 semoga ada pencapaian baru yang kita lakukan.,0,0,0,1,1,0,0
1954,sama kaya yang beb seungwoo. HAPPY BIRTHDAY!!! kok ga bilang kalau ultah,0,0,0,1,0,0,0
868,"stay safe untuk yang terkena banjir, semoga baik baik aja kembali ke keadaan semula",0,0,0,0,0,1,0
3745,Is it okay untuk menertawakan temen lu yang kena musibah banjir?,1,0,0,0,0,0,0
3772,"Semoga aku nggak goblok lagi kayak yang kemarin2 :"")",0,0,0,0,0,1,0
2098,"Kamu kan udah punya sa. Saya cape liat kamu di menelin sama yang goib, saya cemburu",0,0,0,0,0,1,0
2463,"Semangat ya, yang upfoll, yang uptweet dll. Semangat jualannya rejeki ngga kemana kok ! ",0,0,0,1,0,0,0
2311,"Pernah menjadi satu-satunya yang di cintai, tapi akhirnya menjadi salah satu yang ia cintai",0,0,0,0,1,0,0
124,"Semoga menjadi pribadi yang lebih baik lagi, amin.",0,0,0,1,0,0,0
1164,2020 akan kuisi dengan cita cita yang muluk-muluk + ndakik-ndakik,0,0,0,1,1,0,0
1903,"Ya iya si, tapi yang penting tetep jalanin aja :) semua ada solusinya kok. Semangaaatttt gaiseu",0,0,0,1,0,0,0
72,Semoga tahun ini jadi tahun yang lebih baik ya iel!,0,0,0,1,0,0,0
3765,selamat pagii !! mulakan pagi anda dengan melupakan apa yang jadi semalam!!!,0,0,0,1,0,0,0
20,kalau ya pun takmau dengar apa masalah aku at least cakapla benda yang manfaat sikit ni tak urghh,1,0,0,0,0,0,0
1435,"Tuhan, mohon jadikanlah aku anak yang sukses semuda mungkin dan membahagiakan masa tua orang tuaku",0,0,0,1,0,0,0
3182,murahin mo na yang kapalitan mo. HAHAHA umabsent ka pag ikaw naman kapalitan niya. hahah,0,0,0,1,0,0,0
604,"2020 semoga bisa menjadi peribadi yang rasional, dewasa dan bertanggung jawab.",0,0,0,1,0,0,0
3314,Enak banget jadi orang yang cantik. Bisa ngerasain gimana dicintain bukan nyintain hhh.,1,0,0,0,1,0,0
2296,"Keikhlasan beragama juga bermakna ketulusan kepada keutuhan diri yang paling mendalam, yang mengejawantah dalam perbuatan baik #MRSaputra11",0,0,0,0,1,0,0
2867,Happy bday kak semoga apa yang diinginkan selalu dimudahkan aamiin,0,0,0,1,0,0,0
3123,semoga tahun 2020 istiqomah dalam segala sesuatu yang positif.,0,0,0,1,0,0,0
3421,Heem nun gua juga kaget ga srek bgt pffft sama yang kemaren,0,0,0,0,0,0,1
470,"hallo tahun kembar, semoga semua yang awalnya ‘semoga’ bisa terwujud :)",0,0,0,1,0,0,0
166,Turut berduka cita untuk awal tahunmu yang biasa biasa saja ,0,0,0,0,0,1,0
164,Hari pertama 2020 disambut dengan banjir yang tiba tiba.  Sungguh mengesankan sekali ,0,0,0,1,1,0,0
379,"turut berduka cita untuk semua yang ada disana. semoga bisa cepat kembali kekeadaan semula, aamiin #Banjir",0,0,0,0,0,1,0
2412,"Baru ada sinyal dong T____T daerah ku deket daerah yang banjir, listrik mati sinyal ilang T____T",0,0,0,0,0,1,0
801,"Terimakasih sudah menjalankan peran nya masing masing , kedepannya harus menjadi manusia yang lebih bermutu lagi yaaaa.",0,0,0,0,1,0,0
2974,ivah sayang aku. happy birthday ivahhhh. semoga apa yang ivah mau di tahun ini tercapai ya vah,0,0,0,1,1,0,0
2389,Ya Allah jadikanlah kami imam (pemimpin) bagi orang-orang yang bertakwa.,0,0,0,0,1,0,0
3758,Dia emang suka warna ijo. Keknya itu deh yang memotivasi dia pake filter itu mulu :((,0,0,0,0,1,0,0
526,Hal yang paling nikmat dalam malam tahun baru hanyalah tidur wkwkwk,0,0,0,1,0,0,0
3728,"selamat tahun baru,  semoga bisa jadi manusia yang lebih berguna dan lebih ber""uang""",0,0,0,1,0,0,0
2929,Aku harap yang berhutang tahun lepas tu harap korang settle la tahun ni. Orang nak pakai duit la babi,1,0,0,0,0,0,0
2932,2020 semoga benar2 dateng yang baru yang benar2 kumau.,0,0,0,1,0,0,0
1097,"Bismillah 2020, aku dan para pencari kerja yang lain bakal dapet kerjaan secepatnya. Aamiin ",0,0,0,0,1,1,0
1828,"Selamat Tahun Baru 2020. Semoga, segala cita2 yang tertunda di tahun2 sebelumnya dapat terwujud tahun ini. ",0,0,0,1,0,0,0
3514,airpods bisa beli satu biji doang gak sih? punya aku hilang yang kanannya nanges:(,0,0,0,0,0,1,0
2435,Buat teman-teman yang kebanjiran. Gosok telapak kaki kalian dengan oil thieves dan peppermint yah. Stay safe everyone.,0,0,1,0,0,0,0
1955,2019 adalah kenangan dimana gw bisa mengambil keputusan yang tepat agar kedepannya gw gak salah ambil langkah...,0,0,0,1,0,0,0
3319,Serem banget... Profs Iyas sama Profs Hans apa tidak mau mengurung yang model begini...? ,0,0,0,0,0,0,1
4081,tahun baru diawali dengan membeli rokok marlboro yang harganya sudah mencapai 33rb. bangsat,1,0,0,0,0,0,0
3505,"Tuhan, mohon jadikanlah aku anak yang sukses semuda mungkin dan membahagiakan masa tua orang tuaku. Aamiin",0,0,0,1,1,0,0
1324,"gue mau jbjb tapi ga ada twit mutual yang lewat di tl masa, isinya rt an doang",1,0,0,0,0,0,0
662,Sedikit banyak udah jadi temen aku yang selalu hadir buat ngehibur...makasih ya kak,0,0,0,1,1,0,0
3964,"Ok thans,kau juga ya,semoga tercapai yang diinginkan",0,0,0,1,0,0,0
3691,"Resuce me sama shoot me,Happy new year juga ka semoga ditahun ini menjadi tahun yang terbaik buat kaka",0,0,0,1,0,0,0
1851,"Mungkin banyak translator lain yang lebih baik, tapi saya suka punya kamu",0,0,0,0,1,0,0
1286,"Hah yang matcha adakah? Td aku liat cuman yg blueberry,stobery sama coklat aja si",0,0,0,0,1,0,0
3894,Untuk merayakan kesuksesan kita di tahun sebelumnya dan menyambut tahun yang baru dengan bahagia #SelamatTahunBaru2020,0,0,0,1,0,0,0
363,boil sampai lembut level yang kau boleh mash tu tau tapi jangan lah mash hahaha. selamat mencuba!,0,0,0,1,0,0,0
3881,Tapi aku liat from this to this nya kaya yang dapet pacar dari Twitter terus bucin gitu,1,0,0,0,0,0,0
1578,Betapa beruntungnya saya memiliki sesuatu yang membuat ku begitu sulit mengucapkan selamat tinggal...,0,0,0,1,1,0,0
3455,"Belajar adalah proses perbaikan sedikit demi sedikit sepanjang hidup. Sabar, nikmati, lalu perhatikan apa yang terjadi.",0,0,0,0,1,0,0
2307,"WKWKWK BENER BANGET waktu itu ada yang jual polaroid 10 wayv, special edition banget ampe 70 jeti",0,0,0,1,0,0,0
149,"Intinya kalian harus menghargai waktu sekecil apapun, waktu yang terbuang sedetik pun rasanya sangat berharga",0,0,0,0,0,1,0
3311,Stay safe buat temen temen yang daerah rumahnya kena banjir,0,0,0,0,0,1,0
2075,"Thank god its raining, semoga bisa jadi awalan tahun yang berkah",0,0,0,1,0,0,0
1315,"Ya allah jauhkan keluargaku dari setan setan yang mengganggu, baik dalam bentuk jin maupun dalam bentuk manusia ",0,0,1,0,0,0,0
888,"Happy new year people! Semoga hujan jadi berkah, banjir segera surut dan 2020 menjadi tahun yang indah ",0,0,0,1,0,0,0
2803,Tolong lah start sekolah cepat.Aku dah tak larat tgok kebodohan budak sekolah yang semakin menjadi jadi.,1,0,0,0,0,0,0
1202,jadi air mineral bisa mengendap dan jika kita meminumnya terdapat asam karbonat yang berbahaya bagi tubuh,0,0,1,0,0,0,0
2306,"Beberapa temen ada yang daerahnya kena longsor & banjir, semoga baik-baik semuanya ",0,0,0,0,0,1,0
3177,"Kalau menu resto yang sekarang di-acc sama klien, lumayan bisa jajan buat 2 minggu.",0,0,0,1,0,0,0
643,Untuk yang sakit semoga Allah sembuhkan – at Klinik & Apotik Citra Sehat,0,0,0,0,0,1,0
609,"Semoga apa yang di cita-cita kan akan menjadi kenyataan pada tahun ini, aamiinn",0,0,0,1,0,0,0
677,"Malam ini aku tak akan mengkhawatirkan yang tak bisa kulakukan esok pagi, tapi mensyukuri yang telah kulakukan hari ini",0,0,1,0,0,0,0
3460,"2020, jdi pribadi yang baik, tidak menyebalkan, tidak di sia-siakan dan tidak menyia-nyiakan",0,0,0,1,1,0,0
569,“Melupakan akan menjadi suatu hal yang sangat sulit karena kita sebenarnya tidak pernah belajar untuk melupakan.”,0,0,0,0,0,1,0
731,Sekalian nasi uduk sama gorangan nya mbak.... hahaha semoga mbal nya di beri rezeki yang berlimpah,0,0,0,1,0,0,0
2751,Semoga tahun ini lebih dilimpahkan rezeki dan apa yang dirancang dipermudahkan .,0,0,0,1,1,0,0
3141,"""Aku tidak suka dengan orang yang membohongi dirinya sendiri ditengah turunnya salju"" (Uzumaki Naruto)",0,1,0,0,0,0,0
3965,"bukan kalian yang masi kejebak banjir, stay safe ya",0,0,0,0,0,1,0
3401,Terima kasih yang Udah Follow FB ini^^ . Dan terima kasih juga yang Udan Unfoll '-')9,0,0,0,1,0,0,0
3648,Semoga keluarga yang tinggal di Jabodetabek aman dari bencana banjir,0,0,0,0,0,1,0
16,Selamat tahun baru! Semoga yang disemogakan tahun ini kecapaian semua yaaaa,0,0,0,1,0,0,0
960,"mungkin tahun ini bakal jadi tahun yang berat, tapi, semoga Allah bisa memberi kekuatan untuk hambanya ini.. Aamiin",0,0,0,1,0,0,0
140,“Di balik senja yang menawan ada yang sedang kunantikan yaitu adzan maghrib berkumandang”,0,0,0,0,1,0,0
312,Sedih yaa tahun besok ternyata gua yang un.......,0,0,0,0,0,1,0
4046,"Semoga selalu di dekatkan dengan orang orang yang baiknya tulus, bukan cuma cuma ",0,0,0,1,0,0,0
3461,happiest birthday tanteeee-! semoga tahun ini semua yang tante inginkan dikabulin yaa aamiin! ,0,0,0,1,0,0,0
2029,Tolong yang daerahnya sedang #banjir sempatkan lah untuk bantu kucing2 kampung sekitar kasian mereka kelaparan kedinginan ,0,0,0,0,0,1,0
3388,untuk memeriahkan penyambutan hari baru. tanggal baru. bulan baru dan tahun yang baru #SelamatTahunBaru2020,0,0,0,1,0,0,0
1322,Pagi Oney! Happy new year too! Semoga menjadi pribadi yang lebih baik juga dari tahun sebelumnya. ,0,0,0,1,1,0,0
1889,"karya warga dki sendiri ,setiap gubernur yang menjabat di dki disalahin semua ,hha dki lucu",0,0,0,1,0,0,0
1529,Lu yang duluan bahas ini. Tapi jamet-jamet gini gue oemberinsolusi walau kadang sesat dan isinya kosong sih,0,1,0,0,0,0,0
732,"Selamat tahun baru, Ruri-chan! Semoga tahun ini jadi tahun yang baik~ ]",0,0,0,1,0,0,0
483,Semoga ditahun ini jadi orang yang lebih baik lagi dan bisa banggain ortu,0,0,0,1,0,0,0
2947,aku akan menghancurkan siapa saja yang menyakiti teman-teman ku. walaupun dia memiliki lusinan nyawa [Monkey D Luffy],1,0,0,0,0,0,0
3180,Itu mbaknya yang itu lagi ada masalah apa sih.. kok kata kata nya ngerii amatt ,1,0,0,0,0,0,0
1469,Buat yang kena banjir semoga tidak ada korban jiwa dan cepat surut aamiin,0,0,0,0,0,1,0
3766,Semoga #Banjir yang terjadi di Jakarta dan daerah sekitarnya lekas surut,0,0,0,0,0,1,0
2787,Semoga tahun yang baru ini (2020) bisa berubah lebih baik lagi ,0,0,0,1,0,0,0
3844,"Bersyukur untuk hari ini, apapun yang Tuhan berikan adalah yang terbaik untuk saat ini.",0,0,0,1,1,0,0
1958,"Dadah IndoXXI yang kucintai. Saatnya mup on cari situs laen ya, Nyet.",0,1,0,0,0,0,0
2348,Aamiin Ya Allah. luar biasa didoain. moga yang baik baik balik ke kamu yaaa,0,0,0,1,0,0,0
3795,Semoga dengan adanya banjir semua kenangan kita yang anjirrrr terbawa arus airrrr.... semogaaa... #banjir,0,0,1,0,0,0,0
1495,Semoga banjir yang terjadi di beberapa titik bisa segera surut dan stay safe semuanya!,0,0,0,0,0,1,0
1024,"Stay safe buat kalian yang rumahnya kena #BanjirAwalTahun, semoga hujannya berhenti, semoga #Banjir-nya lekas surut.",0,0,0,0,0,1,0
1886,"Yang pertama kali aku temui di awal tahun yang baru ini adalah hujan, banjir dan tanpa kamu.",0,0,0,0,0,1,0
2742,"Cirebon nih:"" pasti engga ada yang sedom sama aku:(",0,0,0,0,0,1,0
2756,Semoga tuhan membalas semua yang terjadi kepadaku suatu saat nanti,0,0,0,1,0,0,0
3671,Semoga banjir segera surut. Semoga yang membutuhkan bantuan segera mendapatkannya.,0,0,0,0,0,1,0
3172,semoga di tahun yang baru ini bisa merubah sudut pandang ku lebih luas lagi dan lebih banyak bersyukur.,0,0,0,1,0,0,0
1151,orang lain sambut tahun baru dengan kegembiraan tapi saya sambut tahun baru dengan kesedihankenapa ramai yang tak selesa/rimas/nyampah dengan sayaa,0,0,0,0,0,1,0
387,"Kangen banget ini mah, pertamakali nonton film yang bikin aku serius nonton dari awal sampai abis ",0,0,0,0,1,0,0
3904,NANGIS BNR JUGA. Gimana nasib ucing ucing yang di daerah banjir. ,0,0,0,0,0,1,0
2049,"harapanku simple, banyak kebahagiaan, dan lebih bersyukur juga menghargai tiap waktu yang terus mengalir.",0,0,0,1,0,0,0
1407,"Keren sekali, tetap berikan yang terbaik, suskes selalu dan menjadi maskapai penerbangan terbaik didunia, amiin #GarudaGndonesia",0,0,0,1,1,0,0
3852,Selamat Tahun Baru dan Selamat Pagi kepada mereka yang tetap masih single huhu,0,0,0,1,0,0,0
2273,"Mau pesen gofood tapi gak ada driver yang pake kayak, LCR, apalagi RIB",0,0,0,0,0,1,0
2146,gaiseeeee ada yang tau akun yang buat filter x1? pngin nyoba pake filternya huhu,0,0,0,0,1,0,0
4189,"Heran, manusia sesempurna km ada aja yang menyianyiakan :(",0,0,0,0,0,1,0
854,Kita percaya banyak hari esok yang masih menunggu. namun sebuah kebaikan tak harus menunggu esok hari!,0,0,0,1,0,0,0
934,RPA ada yang mau dengerin curhatan aku? Saya salah satu member SNSD reply aja ya nanti di dm,0,0,0,0,0,1,0
3064,"Cewek cantik itu yang senyumnya untuk semua orang, tapi hatinya hanya untuk cowok yang dia sayang.",0,0,0,0,1,0,0
1399,Semoga Tahun 2020 ini semua usaha kita dipermudahkan.. rezeki dibuka.. yang berkuasa didunia.. lihatlah juga perkabaran rakyat..,0,0,0,1,0,0,0
3586,Semoga 2020 bisa jago manage keuangan. Atau menemukan seseorang yang jago manage keuangan.,0,0,0,1,0,0,0
4049,"Selamat dtg 2020, mari kita memulai yang jauh lebih baik",0,0,0,1,0,0,0
1891,Selamat liburan teman teman yang libur. Selamat bekerja teman teman yang kerja,0,0,0,1,0,0,0
651,"Tahun yang baru,semangat yang baru, harapan yg baru, target yang baru dan padangan hidup yang baru ",0,0,0,1,0,0,0
2674,"Terima kasih ya mbar  kamu juga semoga yang terbaik.. kapan nih, aku nungguin undangannya",0,0,0,1,1,0,0
3963,aku juga dee :( ayoo berdoa buat yang terbaik,0,0,0,1,0,0,0
3146,Terimakasih 2019 sudah banyak menunjuka yang baik dan mana yang buruk dalam bentuk dan wujud apa saja,0,0,0,1,0,0,0
1947,"""Selama hidupmu jadilah dirimu sendiri, bukan berusaha menjadi pribadi yang sempurna."" Luccy",0,0,0,1,1,0,0
48,Stay safe buat temen-temen di jakarta dan wilayah manapun yang sedang dilanda banjir,0,0,0,0,0,1,0
4144,Terima kasih sudah menjadikan saya sebagai pribadi yang lebih kuat dan lebih sabar untuk memaknai kehidupan.,0,0,0,1,0,0,0
3057,"Semoga di tahun 2020, saya tidak lagi kehilangan orang-orang yang kusayangi.",0,0,0,1,0,0,0
221,tahun baru ditandai dengan hujan yang tidak berhenti alhamdulillah jd ga berisik ama petasan/kembang api,0,0,1,0,0,0,0
1998,"Karir izone kedepan semakin sukses semakin lancar, semakin banyak yang sayang, semakin banyak mendapat penghargaan. AAMIIINNN",0,0,0,1,0,0,0
2481,"Begitu kudengar kisah cintaku yang pertama, kumulai mencarimu tanpa tau betapa buta nya aku saat itu^",0,0,0,0,1,0,0
3624,2020 semoga menjadi pribadi lebih baik dan banyak hal baik yang bisa dilakukan #HappyNewYear,0,0,0,1,0,0,0
1587,"Moga 2020 ada luck dan ada manis, selamat tinggal 2019 yang penuh dengan sial dan dugaan",0,0,0,1,0,0,0
2647,Buat kalian yang kena banjir be safe ya jangan sampai sakit.,0,0,0,0,0,1,0
476,"Aman nder, aku takut sama yang tajem tajem soalnya",0,0,1,0,0,0,0
4051,"Terima kasih, Mas Rudy. Ada juga yang di Anyelir 1 dan di Amarilis.",0,0,0,1,0,0,0
3851,Kalau suatu saat kamu hancurkan hatiku... akan kucintai kamu dengan kepingannya yang tersisa.,0,0,0,0,1,0,0
4184,"terimakasih untukku, sudah bekerja keras demi penghidupan yang layak dan ridhoNya, tetap semangat, jangan lelah ya aku",0,0,0,1,0,0,0
2158,"Terima kasih, oppa! Iyaaa jangan lupa makan yang banyaaak.",0,0,0,1,0,0,0
4090,"Semoga semua saudara kita yang terkena dampak banjir tetap tabah & selalu waspada, Utamakan keselamatan. #banjir2020",0,0,1,0,0,0,0
3030,"Hari ini tuh hujannya gak terus terang, seperti halnya kamu yang gak mau terus terang padaku ",0,0,0,0,0,1,0
3942,"@guedims @adyatmapm @belindaakirap stay safe guys yang dijakarta, doaku bersama kalian.",0,0,0,0,0,1,0
1967,Senangnyaa film Harry Potter di tv nonstop gini dari yang awal sampai nanti yang terakhirrrr ,0,0,0,1,0,0,0
746,"Aku kayanya gagal jadi penulis Novel deh, soalnya dari tadi aku nulis, yang tertulis cuma nama kamu aja",0,0,0,0,0,1,0
463,"stay safe aja temen temen yang di jakarta, dsk. terutama oshi-oshi.",0,0,1,0,0,1,0
3567,"allah akan memberikan yang kita butuhkan, bukan yang kita inginkan.",0,0,0,0,1,0,0
1416,Stay safe untuk semua teman-teman dan kota-kota yang sedang banjir.,0,0,0,0,0,1,0
1074,"Untuk shipperku yang setia, terimakasih juga sudah bertahan hingga sekarang ",0,0,0,1,0,0,0
196,semoga semua yang dirasain dari kemarin kemarin ini ada hasilnya,0,0,0,1,0,0,0
1876,semoga terjadi sesuatu yang indah dan tak terlupakan di 2020 ini ya Tuhan,0,0,0,1,0,0,0
637,selamat pagi tahun yang baru. pagiku yang pagi.,0,0,0,1,0,0,0
3520,"twitter gua yang sebelah kenapa jadi sepi bgt ya hikd, gue bikin salah, apa gimana :((",0,0,0,0,0,1,0
2572,Itu dapet dr temen. Katanya tinggal post aja tau nya ada yg PNG ada yang ga kan kesel ,1,0,0,0,0,0,0
2795,Itu maksudnya ada wanita cantik yang sedang menanti merindukanmu dalam beningnya kehidupan brother @SabdaGoffri ,0,0,0,0,1,0,0
2225,HAHAHA bener juga ga ada yang tau juga aku bakal potong beneran atau engga lol,0,0,0,1,0,0,0
99,"Banyak sih yang sayang sama seseorang tapi nggak berani buat ngungkapin, takut cintanya tak terbalas. :')",0,0,1,0,0,0,0
366,"Pake twitter lebih smart blog, banyak yang seumur hidupnya gapernah kebanjiran sekarang kebagian ",0,0,0,0,1,0,0
1129,Selamat datang di istana omah yang katanya gede padahal cuma segede dunia maya masyaallah (ﾉ °益°)ﾉ,0,0,0,1,1,0,0
3128,"Alhamdulillah ada, tetap ada dari 2 tahun yang lalu tanpa ada yang berubah.",0,0,0,1,0,0,0
946,Aku main twitter sebab takda siapa yang nak chat aku sendu. Sebab tu lah aku sesat sini.,0,0,0,0,0,1,0
3664,"Happy New Year, semoga di 2020 ini akan menjadi pribadi yang lebih baik lagi ",0,0,0,1,0,0,0
1681,Ketika kau telah menemukan cinta yang lain. Aku hanya berharap bahwa kau akan selalu baik-baik saja.,0,0,0,0,1,0,0
3528,Happy birthday ya kak semoga apa yang diharapkan cepat twrwujud dan selalu diberikan keberkahan setiap harinya aamiin,0,0,0,1,0,0,0
517,baru nyadar tahun ini mengandung 29 februari. perasaan baru kemaren ngucapin temen yang ulangtaunnya 4 tahun sekali itu wgwgw,0,0,0,0,0,0,1
870,"Minta maaf kepada seluruh bangsa, ini termasuk mega korupsi yang menggrogoti kehidupan berbangsa dan bernegara",0,0,0,0,0,1,0
3254,Banyak luka yang aku rasakan di tahun kemarin semoga luka ini segera sembuh di tahun ini,0,0,0,0,1,0,0
1218,Anjing apaan sih. Notif apaan yang spam bangsat hp gue geter 10 detik.,1,0,0,0,0,0,0
2018,"Selamat berkenalan denganku, 2020. Angkamu cantik, semoga secantik dan seindah apa yang telah direncanakan untukku, ya",0,0,0,1,1,0,0
3827,Ya Allah :( smg ibuk gapapa ya.. Smg ga kena sakit yang parah :((,0,0,0,0,0,1,0
3847,Aku juga bucin Linyi gara gara dramanya sih yang put your head on my shoulders ,0,0,0,0,0,0,1
185,Karena banjir bukan hanya perabotan rumah saja yang tenggelam. Pesanku ke dia juga:,0,0,0,0,0,1,0
3730,"Akupun shipper, dan aku juga pernah negor orang yang otpnya sama kaya aku karna emang dia udah kelewatan",1,0,0,0,0,0,0
4169,Kalo hujan banjir gini ada yang tau kabar kucing kemana?,0,0,1,0,0,1,0
2129,"Hari ini sebelum kamu mengatakan kata-kata yang tidak baik, Pikirkan tentang seseorang yang tidak dapat berbicara sama sekali.",0,0,0,0,0,1,0
1957,yang di Jakarta hati2 ya dengan banjirnya. Aku tak turu sek,0,0,1,0,0,1,0
736,pingin buka page 1 of 366 tapi buku yang lama masih banyak halaman yang kosong,0,0,0,0,0,1,0
1427,Hatikku hanya ada satu dan yang satu itulah yang telah ku berikan kepadamu :),0,0,0,0,1,0,0
2908,Semoga di 2019 orang2 yang di sekeliling gua sehat selalu dan panjang umur . Aamiin ,0,0,0,1,0,0,0
3734,"Tuhan, rahmatilah aku dengan kesehatan, ketenangan pikiran, kelembutan hati dan rezeki yang penuh berkah. Aamiin",0,0,0,1,1,0,0
3046,Semoga selalu dikasih yang terbaik sama Allah. Aamiin. Dah itu aja,0,0,0,1,0,0,0
1509,"Untuk kaliam semua, maaf sampai sekarang aku belum menjadi pribadi yang baik",0,0,0,0,0,1,0
2919,Selamat ya yang lahirnya tanggal 29 Februari tahun ini bisa ulang tahun.,0,0,0,1,0,0,0
1185,terima kasih sudah hujan seharian :) membuat adil bagi yang libur dan kerja...,0,0,0,1,0,0,0
477,"Buat teman-teman yang rumahnya terdampak banjir, please take care. ",0,0,0,0,0,1,0
118,emang kalo semalem tahun baruan nya gangapa ngapain kenapa? gakada yang salah kan?,0,0,0,0,0,1,0
3224,"Gue udh emosi, sumpah yang sehalu-halunya mbak lucinta Luna dia gak pernah kek si jors.",0,0,0,0,1,0,0
2757,"""Hubungan teman, persaudaraan membuat kita semakin kuat melebihi apa yang kita capai"" Haru, Accel World",0,0,0,0,1,0,0
794,Janganlah kau isi hatimu dengan kemarahan kepada orang yang bergembira jika engkau marah. Abaikan. Sabarlah.,0,1,0,0,0,0,0
1544,tak ada manusia yang sempurna namun seseorang akan terlihat sempurna ketika kamu mencintainya dengan tulus.,0,0,0,0,1,0,0
3711,"Ya allah, terimakasih masih memberikan waktu kepadaku untuk bersama orang-orang yang aku sayangi~",0,0,0,1,1,0,0
3137,Anda semua yang jadikan banjir sebagai bahan olok2 dan nyinyir...Biadap!!!,1,0,0,0,0,0,0
2792,"“aku lebih menyayangi sasuke sebagai temannya, melebihi kau yang saudaranya sendiri” (Naruto to Itachi)",0,0,0,0,1,0,0
656,"kebelet pipis mulu gara-gara dingin, mager bgt jalannya?? Ini gak bisa wcnya yang nyamperin gue apa ya",1,0,0,0,0,0,0
250,Semoga segera baikan lagi ya r! Inget doa tahun ini yang semalem,0,0,0,1,0,0,0
1375,Apa cuma aku yang gaberani kemana mana sendiri :(,0,0,0,0,0,1,0
1391,Cewek suka grogi kalo deket sama orang yang dia suka ~,0,0,0,0,1,0,0
3600,semoga dengan turunnya hujan di awal tahun ini bisa membawa keberkahan dan kebaikan di tahun yang baru ini,0,0,0,1,1,0,0
1046,"di awal tahun 2020 udah ditimpa dengan banjir. semoga yang kehilangan keluarga diberi ketabahan, aamiin.",0,0,0,0,0,1,0
255,"Suka banget sama yang pedes2, asal jangan omongan pedes yakk.. Yuk ada D'Tella Hoootttttt , pedes nyoosss",0,0,0,0,1,0,0
1199,Happy new year mas kesayangan sejuta umat yang mau ngopi gak jadi-jadi! ,0,0,0,1,0,0,0
355,kenapa Jakarta tidak membuat system drainase seperti diluar negeri yang gorong gorongnya luas untuk jalur air ?!!,1,0,0,0,0,0,0
406,Semoga bisa sukses (semua hal) dan segala keinginan yang diinginkan terwujud di tahun 2020,0,0,1,0,0,0,0
2719,Semoga dapat kerjaan yang lebih layak dan lebih baik dari itu ya kak.,0,0,0,1,0,0,0
4098,Doa terbaik buat temen-temen yang saat ini masih bertahan dengan banjir ini. Godspeed!,0,0,0,0,0,1,0
213,"menurut aku sih visualnya yang diapresiasi banget, buat ceritanya ya b aja, tapi worth banget",0,0,0,0,1,0,1
2470,"Dari setiap doa yang telah terjawab. Terimakasih Tuhan Yesus. 2019, u so fine.",0,0,0,1,0,0,0
1071,Duh kasihan. Semoga cepet ada yang bantu ya pin. Gue cuma bisa bantu doa aja nih.,0,0,0,0,0,1,0
707,stay safe yang  daerahnya kena banjir  perumahan yang di belakang perulumahan udah mulai banjir... omg,0,0,0,0,0,0,1
2500,btw selamat taun baru jugaa! semoga taun ini jadi taun yang baik buat kamu ya,0,0,0,1,0,0,0
3015,"Alhamdulillah, rezeki awal tahun, ada yang bayar utang ",0,0,0,1,1,0,0
2004," awal 2020 yang sangat baik ini mah, udah ngakak aja pagi2",0,0,0,1,0,0,0
1293,Selamat Tahun Baru semuaa!! Dari saya yang tahun baruannya penuh dengan plot twist,0,0,0,1,0,0,0
495,"Temen-temen yang rumahnya kena banjir, semoga lekas surut yaa! ",0,0,0,0,0,1,0
1255,2020 di awali dengan cuaca yang semakin enak buat rebahan ntap ,0,0,0,0,1,0,0
3321,Gak nyangka di taun yang baru akan se sedih ini kehilangan.,0,0,0,0,0,1,0
850,"Yang daerahnya kebanjiran, yang sabar ya. Semoga cepat surut airnya. Mari berdoa #banjir",0,0,1,0,0,0,0
64,"Suatu hari kelak, aku pasti menemukan cinta sejatiku yang diperuntukkan Tuhan bagiku selamanya.",0,0,0,1,0,0,0
390,"D jakarta ada bidara china yang langganan banjir, d cibitung ada vilamutiara, semoga lekas surut",0,0,1,0,0,0,0
3482,Twit gue yang diretwit banya orang kemana anjir :(,0,0,1,0,0,0,0
4198,Yesung : aku hanya berpikir untuk memberitahu semua orang kalau Super Junior punya member-member yang bekerja keras untuk lagu mereka,0,0,0,1,0,0,0
2858,bahagia itu sederhana.. sesederhana kamu yang selalu tersenyum tulus untuk aku. :),0,0,0,1,1,0,0
1188,harapanku untuk tahun yang baru sederhana saja; menjadi manusia yang tidak disia-siakan dan tak menyia-nyiakan.,0,0,0,1,1,0,0
1122,"Makasih bunda, teteh dan housemate sudah menghiasi 2019 ku. Semoga 2020 tahun yang baik buat kita",0,0,0,1,0,0,0
4133,"Awal thn yang suram, maafkan aku di;(",0,0,0,0,0,1,0
1745,yang dom jakarta sekitarnya kalian aman kan? atau ada yang kena banjir? ,0,0,1,0,0,0,0
1557,"bukan jarak yang memisahkan kita , tapi kita memang takpernah dekat ",0,0,0,0,0,1,0
1866,dan daerah yang biasanya jadi tempat banjir mengalir kini jadi proyek kereta cepat...,0,0,1,0,0,0,0
1870,Eee bencinya benda yang nak beli takbeli tp benda yang takmau beli dibelinya . #stressmakkk,0,1,0,0,0,0,0
2815,"Maaf aku bohong. Aku harap kamu selalu jaga kesehatan ya, jangan galau, mulai hidupmu yang baru.",0,0,1,0,0,0,0
1532,"Sedih banget tahun baru ada yang kebanjiran, semoga cepet surut dan aman semuanya.",0,0,0,0,0,1,0
3631,"Selamat Datang 2020, semoga menjadi tahun yang damai dan sejuk, menyenangkan buat semua. #SelamatTahunBaru2020",0,0,0,1,0,0,0
110,Semoga di beri ketabahan dalam musibah yang terjadi sekarang ini,0,0,0,1,0,0,0
173,Senyum memiliki kaitan langsung dengan pembentukan zat endorphin dalam tubuh yang menenangkan seperti saat jatuh cinta,0,0,0,0,1,0,0
4112,"2020 , melupakan yang telah lalu, jangan terlena dengan halu, mari kita memulai hal baru ",0,0,0,1,0,0,0
4060,"Cinta bukanlah suatu hal yang bisa digambarkan oleh kata kata, melainkan gambaran sebuat perasaan yang tercurahlan melalui sikap",0,0,0,0,1,0,0
966,"buat yang rumahnya kena banjir stay safe ya, semoga airnya cepet surut",0,0,0,0,0,1,0
381,Goodluck to you and semoga sepanjang tahun semuanya dipenuhi dengan perkhabaran yang baik belaka.,0,0,0,1,0,0,0
3556,Selamat hari rebahan wahai warga Twitter yang berbahagia  #rebahanpertamadi2020,0,0,0,1,0,0,0
722,2019 terima kasih telah memberikan pembelajaran baru yang cukup banyak.,0,0,0,1,1,0,0
1307,"Bismillah, semoga 2020 lebih banyak kabar baik yang didengar drpd kabar buruknya ",0,0,0,1,0,0,0
1278,"Kegagalan adalah keberhasilan yang tertunda, jadi kebohongan adalah kejujuran yang tertunda. #BOTRiz :D",0,0,0,0,1,0,0
2863,"selamat taun baru susmeee, semoga kedepannya bahagia terus jadi pribadi yang lebih baik ",0,0,0,1,0,0,0
3932,"Suka heran sama orang orang bisa-bisanya punya hobi masak, apalah dayaku yang hobi nya rebahan doang :(",0,0,0,0,0,1,0
3694,"Happy milad icha.. semoga bahagia terus, sehat terus..dan semua yang dimau tercapai.. Aamiin",0,0,0,1,0,0,0
2910,"Banyak duka yang di dapat, banyak pula kebahagiaan yang mendekat. Terimakasih sudah banyak memberi warna dalam hidup.",0,0,0,1,0,0,0
669,2020 semoga tidak ada yang harus jadi simpanan rp lagi dan pacaran aja di jalan yang lurus wkwk,0,0,0,1,0,0,0
3239,Perlu orang-orang yang memberi dan menebar kebaikan. Biar bisa niru memberi dan menebar kebaikan juga,0,0,0,0,1,0,0
1339,"Bersikap baiklah pada semua orang, bahkan mereka yang membencimu. Tunjukkan kamu cukup dewasa untuk memaafkan mereka.",0,1,0,0,0,0,0
2137,2020 Semoga ada cerita yang lebih indah dari tahun tahun sebelumnya :),0,0,0,1,0,0,0
3629,Semoga apa yang telah terjadi di tahun kemarin bisa bikin kita jadi lebih baik di tahun ini,0,0,0,1,0,0,0
2820,"@shotgurn kamu tau apa yang paling indah dari bintang? Itu, senyumu .",0,0,0,0,1,0,0
4109, semoga cepet surut dan ga ada barang barang berharga yang hilang kik,0,0,0,0,0,1,0
3820,Bersyukur lah buat yang hari ini libur dirumah aja dan gak kebanjiran,0,0,0,0,1,0,0
1743,Allah selalu memberikan yang terbaik untuk semua hambaNya #jokowi2periode #2019tetapjokowi,0,0,0,1,1,0,0
2368,"Happy new year too hyung, semoga mendapatkan yang terbaik selalu di tahun ini ",0,0,0,1,0,0,0
4087,"Dari semua outlet hokben yang pernah gw datengin, hokben fx paling bersih, rapi, nyaman dan enak...",0,0,0,0,1,0,0
1648,"Ibu, engkau bagaikan pahlawan walaupun tak memiliki kekuatan super, tapi engkau memiliki Kekuatan hati yang super",0,0,0,0,1,0,0
3157,"Buat temen temen yang rumahnya kena banjir stay safe yaa, semoga airnya cepet surut dan tetep berdoa yaaa",0,0,0,0,0,1,0
2298,Bener2 baru hari ini ngerasain jalan kaki di banjir yang bukan cuman semata kaki. Tapi sepinggang gw weei ,0,0,1,0,0,1,0
874,"Selalu gue yang salah,makin kesini jadi makin bedanya apa.semoga bisa dilewati sampek tahun depan dan seterusnya.amin",0,0,0,0,1,0,0
3703,"Masih dengan orang yang sama, belum ganti :')",1,0,0,1,0,0,0
1049,"Ingin ku coba lagi mengulang yang telah terjadi, Tetapi semua sudah tak berarti, Kau telah pergi :(",0,0,0,0,0,1,0
918,"Alhamdulillah, semoga tahun 2020 dapat menjadi yang terbaik untuk ummi abah  pray for me :)",0,0,0,1,0,0,0
3286,"Stay safe yang kena banjir huhu serem banget weeh :""",0,0,0,0,0,1,0
445,Semoga di 2020 ini kita menjadi jawaban atas semua pertanyaan dan menjadi yang lebih baik dari sebelumnya aamiin gaesss,0,0,0,1,0,0,0
657,Terimakasih tahun 2019 semoga tahun 2020 ini banyak cerita yang lebih menyenangkan ya aamiin,0,0,0,1,0,0,0
3493,Tahun 2020 ni mengharapkan jadi Hamba yang bersyukur. Banyak benda nak buat tahun 2020 ni ,0,0,0,1,0,0,0
634,"Alhamdulillah besok bulan februari ada yang bisa ngerayain ulang tahun tgl ""29 februari""",0,0,0,1,0,0,0
639,Kadang kamu bertemu seseorang yang sangat berarti dalam hidupmu hanya tuk menyadari pada akhirnya kamu harus melepaskannya.,0,0,0,0,0,1,0
3153,Kulkas yang kosong membutuhkan daya listrik yang lebih besar daripada kulkas yang terisi penuh. [NatGeo] #SukaInfo,0,1,0,0,0,0,0
1680,"gpp sih yang penting bisa pamer dimedia sosial tentang banjir.btw makasih doaannya semoga terkabul,amin",0,0,0,0,0,1,0
534,"Jodoh itu cerminan dari diri kita , Yang baik i’allah akan mendapatkan yang terbaik",0,0,0,0,1,0,0
2293,Kita adalah rasa yang tepat di waktu yang salah.,0,0,0,0,0,1,0
4126,"Stay safe ya semuanya, di beberapa wilayah yang terkena banjir, semoga segera surut",0,0,1,0,0,0,0
1902,"Kebahagiaan sering datang dari hal-hal terkecil yang kita alami, bahkan kita tidak menyadarinya sob.",0,0,0,0,1,0,0
147,"Lebih baik single dan menyiapkan diri untuk cinta yang baik, daripada terikat dengan pacar yang cuek",0,1,0,0,0,0,0
1948,Alhamdulillah tahun ini sudah 2020 semoga ada perubahan dalam kehidupan yang lebih baik lagi dari tahun sebelumnya ya Allah,0,0,0,1,0,0,0
1032,yang kena banjir pls stay safe ya kalian sekeluarga... huhu cuma bisa bantu doa,0,0,0,0,0,1,0
37,"Untuk daerah-daerah yang kebanjiran, semoga cepat surut banjirnya.",0,0,0,0,0,1,0
1163,"Hargai setiap Tahun yang anda lalui, ambil ia sebagai pengajaran dan dugaan, bukan kebencian.",0,0,0,0,1,0,0
56,Bismillah ditahun 2020 semoga hal buruk yang terjadi di tahun 2019 tidak akan terjadi di tahun 2020,0,0,0,1,0,0,0
1816,Terimakasih Bandung buat 7 tahunnya yang sangat luar biasa ! :),0,0,0,1,0,0,0
3107,o yang perguntando da ****** onde que ela tá Aiai kkkkkmkk,1,0,0,0,0,0,0
558,"“maka sudahilah sedihmu yang belum sudah, segera mulailah syukurmu yang pasti indah, berbahagialah”",0,0,0,1,1,0,0
3136,"Awal tahun identik dengan ""ingin"" memulai sesuatu yang lebih baik lagi:)",0,0,0,1,0,0,0
78,Selamat tahun baru wanita wanita hebat! Semoga tahun ini kalian diliputi kebahagiaan yang berlimpah  @daendeIion @aintpoupee,0,0,0,1,1,0,0
49,"Jangan lagi dong ihh,, udah cukup mba jihyo aja yang bikin poteqq jangan ketambahan tzuyu lagi ",0,1,0,0,0,0,0
1930,Suka banget sama orang yang kalo pertama kali kenal udah bisa bikin ketawa,0,0,0,0,1,0,0
1177,"Awal tahun baru masehi yang sejuk, semoga tahun ini selalu sejuk dalam berbagai hal. Lanjutkan! Hujannya..",0,0,0,0,1,0,0
3996,"Alhamdulillah, Titho! Awal yang baik, mudah2an tetap baik kedepannya ya..",0,0,0,1,0,0,0
1167,"""terimakasih sudah pernah jadi cerita dari hidupku yang paling berkesan"" pengen bilang makasih tapi ngga pernah bisa",0,0,0,1,0,0,0
3879,yang rumahnya kena banjir ada?? semoga cepet surut yaaa huhu sini ngungsi rumah ak,0,0,0,0,0,1,0
2783,"ricaJKT48 Semoga hari ini, Hari esok dan hari-hari yang akan datang selalu menyenangkan :*",0,0,0,1,0,0,0
2433,Makasih juga buat nana yang nyemangatin dan perhatian ama aku 24/7 selalu peka sama aku  luvyea!!!,0,0,0,1,0,0,0
1655,"Kau adalah bulan yang dikelilingi gemerlap bintang, dan aku adalah kejora yang hadirnya sesaat lalu kau lupakan.",0,0,0,0,0,1,0
215,"Insha allah, hujan  hari pertama ditahun 2020 adalah pertanda keberkahan dan rezeki yang baik. Aamiin",0,0,0,1,1,0,0
2418,"Tapi, bukankah beban yang berat dan penderitaan yang kamu hadapi dari Allah juga?",0,0,0,0,0,1,0
1419,"Terkadang apa yang kita katakan membuat pasangan kita sedih, walau tidak maksud menyakiti.",0,0,0,0,0,1,0
3347,"2020 semoga bertemu dengan orang"" yang baik, dipermudah semuanya lancar sampe wisuda aamiin",0,0,0,1,1,0,0
1682,Sehat sehat temen temen yang kebanjiran. Selamatin diri sendiri ,0,0,0,0,0,1,0
1698,"Semoga menjadi pribadi yang lebih baik juga, mbak Padi!",0,0,0,1,0,0,0
1186,"Awal tahun di kasih kepastian, kepastian kalo dia memilih yang lain :(",0,0,0,0,0,1,0
524,"–terima kasih ku pada jajaran oppa, teteh, dan adik-adik sekalian yang telah mewarnai 2019",0,0,0,1,0,0,0
3637,terima kasih 2019 banyak hal yang terduga duga ternyata:) semoga 2020 bakal membaik,0,0,0,1,0,0,0
2839,"Selamat tahun baru! Buatlah resolusi yang baik dan semoga terkabul , aamiinn",0,0,0,1,0,0,0
2544,Wali kota macam apa yang tidak bisa melindungi kotanya!!? Aku akan bertempur!! -Boodle,1,0,0,0,0,0,0
2759,Mentari takut kehilangan sinarnya. Laut takut kehilangan ombaknya. Begitu juga denganku yang takut kehilangan kamu #KenanganID,0,0,1,0,1,0,0
1664,"aku mengharapkan yang terbaik untuk aku&aiman semoga masing masing dapat capai yg kiteorang impikan,",0,0,0,1,0,0,0
3573,"awww lcu bnget,,,, happy ya kalian!! yang langgeng ",0,0,0,1,0,0,0
2289,"Semoga yang kena banjir dalam keadaan baik-baik aja ya, stay safe!! Semoga bantuan segera datang. ",0,0,0,0,0,1,0
3415,Tuhan tidak akan memberikan apa yang kamu minta tapi apa yang Kamu butuhkan! Jadi berhentilah menggeluh,0,1,0,0,0,0,0
895,"cuma mau bilang, cinta itu berdua, bukan hanya kamu yang berjuang sendirian. situ lg coli?",0,0,0,0,0,1,0
821,"Aduh gua benci banget kalau lag setiap mau nyerang musuh, mau report juga bingung yang mana???",0,1,0,0,0,0,0
2546,"PLIS JUP  Lo ngegombal yang seru dikit jup, lo didikan percintaan mana sih jup",0,1,0,0,0,0,0
4065,"Semoga orang yang masih nyalahin banjir gara2 presiden, gubernur atau pemerintah itu kebawa arus banjir aminn",1,0,0,0,0,0,0
33,"Suka banget sama lagu nya, orang nya ganteng-ganteng, halu yang bikin bahagia wkwk",0,0,0,1,1,0,0
117,Hope 2020 adalah tahun yang paling bermakna bagi aku insyaallah let's do this!!!,0,0,0,0,1,0,0
1482,Semoga yang disemogakan bisa terwujud pada tahun ini! #Welcome2020,0,0,0,1,0,0,0
506,"Ini semua yang kemaren pas pemilu ngakunya mau berjuang untuk rakyat, membawa perubahan, bla bla bla.. hahahahaaaaaasuuuuuuuu",0,1,0,0,0,0,0
2279,Otak yang biasa di naspad otak sapi juga kan ya? Suka banget huhu,0,0,0,0,1,0,0
1762,"yang awalnya ngira abis makan pizza mood bakal bagusan, malah makin buruk. GREAT. Just great.",0,0,0,0,0,1,0
3597,"Akun gue yang ke lock lu lupain, sedih:(",0,0,0,0,0,1,0
3513,Iyaa taukk soalnya di jawa gada pudung. Emang pudung ama pundung beda? Yang bener yang mana?,1,0,0,0,0,0,0
2162,"malam taun baru yang tenang sekali, saya bisa tidur dengan nyenyak, terimakasih hujan",0,0,0,0,1,0,0
1939,Woii ih gua masi muda kalii:(( harusnya gua yang panggil kak,0,0,0,0,0,1,0
1540,semangat semua yang di jabodetabek dan sekitarnya yang terdampak banjir :”) yok kuat yok.,0,0,0,0,0,1,0
886,"Aamiin, semoga tercapai segala yang kakak inginkan. Semangat nabung kakak",0,0,0,1,0,0,0
760,Saya menghargai semua kerja keras yang telah saya lakukan. Well done! And thank you Allah (\＾︶＾/),0,0,0,1,1,0,0
2117,"Doaku hari ini: Tuhan, ijinkan aku menjadi pribadi yang berguna bagi diri sendiri, pun orang lain.",0,0,0,1,1,0,0
2314,"Stay safe temen” yang ada di jakarta, semoga masalah banjir nya cepet teratasi dan cepat surut :(",0,0,1,0,0,0,0
2017,"Sok tegar diluar padahal didalem hati nangis, cuma itu yang bisa gue rasain :')",0,0,0,0,0,1,0
766,Ya kaget sih kalo misal yang dating beneran member nct gimana,0,0,0,0,0,0,1
2513,SYAP NTAR AKU LIAT LIAT MV NYA!! Foto terakhir rambut item yang paling kanan siapaa?,1,0,0,0,0,0,0
2495,Semoga semua aman di semua daerah yang terdampak banjir.,0,0,0,0,0,1,0
1317,Aamiin makasih yaa semoga tahun ini menjadi tahun yang berkah juga!!  ,0,0,0,1,0,0,0
273,Selamat tahun baru juga Dio yang dedekable! Semoga selalu ingat sama Aira juga ya? ,0,0,0,1,0,0,0
699,"banyak banget yang aku suka, cuma snsd sama pristin punya tempat tersendiri di hatiku heheheh",0,0,0,1,0,0,0
297,"Tahun boleh berganti, tapi tetap kamu yang dinanti meski harus sakit hati berkali-kali.",0,0,1,0,0,1,0
658,"2020 semoga dikelilingi orang” baik,yang selalu jujur apa adanya tanpa membicarakan keburukan dibelakang",0,0,0,1,0,0,0
2069,weishenV! guys yang video winwin pipinya dicubit lagi main hp itu dari video yang mana ya? makasi,0,0,0,1,1,0,0
2177,walaupun baru dikit isinya tapi tetep aja nyesek soalnya udah dapet beberapa mutuals yang baik baik,0,0,0,0,0,1,0
1505,"Itaal, semoga kamu juga terus semangat dan jadi pribadi yang lebih baik lagii. Me laft yu hun",0,0,0,1,0,0,0
3651,"Guys be safe yang rumahnya banjir, semoga cepet surut ya..",0,0,0,0,0,1,0
2585,"Jatuh itu biasa, tapi segera bangun dan bangkit - itu hanya untuk anak muda yang smart!",0,0,0,0,0,0,1
2584,CA! menurut kalian makanan yang paling enak apa an yak? kasih rekomendasi dong,0,0,0,1,0,0,0
3985,Makasih ibu selalu dengerin aku ngeluh  ga ada yang lain selain ibu yang ngerti perasaan ku,0,0,0,1,1,0,0
638,Kamu jugaa kak  semoga tahun ini apa yang kakak inginkan tercapai dan berjalan dengan lancar aamiin,0,0,0,1,0,0,0
3212,"Yang membuat kita sedih adalah,, melihat orang yang kita sayangi menyayangi orang lain..",0,0,0,0,0,1,0
1205,"yang sedang dikeadaan banjir semoga cepat surut, yg sakit cepat pulih, yg sehat tetap kuat",0,0,0,0,0,1,0
967,Sumpah demi apapun ini banjir terparah yang pernah gue liat:(,0,0,0,0,0,1,0
266,"Paham bener yang kucing. Eh, may jadi singa apa gmn jun? Happy new year ",0,0,0,1,0,0,0
2011,"Gapapa nder, nanti akan ada seseorang yang bisa memahami kamu apapun kesalahan yang kamu buat. Stay strong!",0,0,0,0,1,0,0
4162,"cinta yang berliku. tebing rindu berbatu-batu. kau titik lelahku. perhentianku, kau pulangku!",0,0,0,0,0,1,0
2078,ada yang rumahnya kena banjir? aman gak? semoga cepat surut ya,0,0,0,0,0,1,0
943,"yang berdoa ""2020,please be nice"" AOWKAOW MAKAN TU BANJIRAN",0,0,0,1,0,0,0
81,"yang sekarang ada 4 korban jiwa, coba cek post kompas yang lain deh belom lama uploadnya :)",0,0,0,0,0,1,0
492,"Tuhan, sisakan 1 lagi manusia yang kaya dia untuk ak dong ya, ya.",0,0,0,1,1,0,0
1468,2020 jangan lupa bersyukur dan mendoakan orang2 yang kita cintai dikehidupan.,0,0,0,1,1,0,0
3456,"Mengawali 2020 dengan siklus tidur yang normal, tidur jam 9 dan bangun jam 4. Feels sooooo goood ",0,0,0,0,1,0,0
1524,Salut untuk kalian yang bisa se open ini....,0,0,0,0,1,0,0
2825,"2020 tolong beri aku uang yang berlimpah , aamiin paling serius",0,0,0,1,1,0,0
2291,semoga kita sama2 bisa masuk di ptn yang diinginkan ya ,0,0,0,1,0,0,0
1274,"Bersyukurlah teman-teman yang tidak sempat merasakan ada dalam ruang-ruang seperti ini. Kamu, baik-baik ya :)",0,0,0,1,0,0,0
727,Tahun yang beda dengan orang yang sama. Semoga seterusnya gitu ,0,0,0,1,1,0,0
1221,Doaku untukmu semoga tetap menjadi orang yang lebih baik lagi.. aminn ,0,0,0,1,0,0,0
306,Semoga tahun 2020 yang diawali dengan super bahagia dan dikelilingi orang-orang yang menyenangkan ini bisa berjalan mulusss.,0,0,0,1,0,0,0
189,2020 ternyata aku udah nemuin siapa yang pantas untuk dipertahankan hehe,0,0,0,1,0,0,0
3169,"Bangun pagi yang agak kesiangan, kaget dong udah 2020 kemaren kan belom tiup terompet",0,0,0,0,0,0,1
846,Terima kasih 2019 untuk tawa yang membahagiakan dan tangis yang mendewasakan :),0,0,0,1,0,0,0
3878,Pergantian tahun 2020bhujan dimana mana semoga yang kena banjir cepat surut,0,0,0,0,0,1,0
1130,"Selamat tinggal tahun kesedihan, yang memberikan banyak pelajaran. Bismillah 2020 bahagia teruss",0,0,0,1,0,0,0
1874,"Trisakti banjir, apa kabar project kursi gua yang ada di gallery ya allah... ",0,0,0,0,0,1,0
2884,"Jangan memohon pada Tuhan tuk meringankan cobaan yang ada, berdoalah pada Tuhan tuk memberikanmu kekuatan tuk dapat melaluinya.",0,0,0,0,1,0,0
3603,"ini yang udah ributin rumor dispek ampe alay kalo rumornya salah gua ketawain ye lu pada, siap lu pada",0,1,0,0,0,0,0
3699,"semoga yang diharapkan terkabul satu persatu di tahun ini, aamiin",0,0,0,1,0,0,0
1689,"kalo buat album, pengen teen,age yang ijo soalnya mereka seneng banget disitu main di pantai huhuhu",0,0,0,1,0,0,0
2736,"LP ada yang bisa CV pulsa ke dana , untuk dana 45k kena pulsa berapa . butuh yang trusted !",0,0,0,0,0,0,1
